Workbook

Sheet Escenarios
A1: Codigo | B1: Explicacion | C1: Tiempo (s)
A2: 013 | B2: uso de Ampolleta | C2: 600
A3: 012 | B3: Mixto (Notebook + Calefactor) con interrupciones | C3: 600
A4: 011 | B4: Mixto (Notebook + Calefactor) | C4: 600
A5: 010 | B5: Sin Carga | C5: 300
A6: 009 | B6: Calefactor | C6: 600
A7: 008 | B7: Solo Uso del Enpi | C7: 600
A8: 007 | B8: Notebook | C8: 600

Sheet 013
A1: Fecha | B1: Hora | C1: Fecha Hora | D1: Hora [UTC] | E1: U1(Min) [V] | F1: U1(Med) [V] | G1: U1(ProAct) [V] | H1: U1(Max) [V] | I1: I1(Min) [mA] | J1: I1(Med) [mA] | K1: I1(ProAct) [mA] | L1: I1(Max) [mA] | M1: f(Min) [Hz] | N1: f(ProAct) [Hz] | O1: f(Max) [Hz] | P1: P1+(Med) [W] | Q1: PF1cap+(ProAct) [] | R1: Voltaje | S1: energia_kwh | T1: Frecuencia | U1: Factor_Potencia | V1: corriente | W1: potencia_kw | X1: Error (Enp -Metrel) | Y1: Error Abs | Z1: Error Cuadrado | AA1: Error porcentual abs
A2: =+INT(D2) -> 46211 | B2: =+MOD(D2,1) -> 0.79054427 | C2: 46211.791 | D2: 46211.791 | E2: 232.54 | F2: 232.62 | G2: 232.62 | H2: 232.676 | I2: 292.889 | J2: 293.97 | K2: 293.97 | L2: 294.57 | M2: 49.976 | N2: 49.976 | O2: 49.977 | P2: 68.176 | Q2: 0.997 | R2: =+VLOOKUP($C2,Pagina!$C:$Q,10,0) -> 233.4 | S2: =+VLOOKUP($C2,Pagina!$C:$Q,11,0) -> 95.239998 | T2: =+VLOOKUP($C2,Pagina!$C:$Q,12,0) -> 49.9 | U2: =+VLOOKUP($C2,Pagina!$C:$Q,13,0) -> 1 | V2: =+VLOOKUP($C2,Pagina!$C:$Q,14,0) -> 0,270000 | W2: =+VLOOKUP($C2,Pagina!$C:$Q,15,0) -> 0,062900 | X2: =+R2-F2 -> 0.78 | Y2: =+ABS(X2) -> 0.78 | Z2: =+X2*X2 -> 0.6084 | AA2: =+(X2/F2)*100 -> 0.33531081
A3: =+INT(D3) -> 46211 | B3: =+MOD(D3,1) -> 0.79055584 | C3: 46211.791 | D3: 46211.791 | E3: 232.606 | F3: 232.652 | G3: 232.652 | H3: 232.703 | I3: 292.889 | J3: 296.37 | K3: 296.37 | L3: 301.11 | M3: 49.978 | N3: 49.98 | O3: 49.981 | P3: 68.162 | Q3: 0.989 | R3: =+VLOOKUP(C3,Pagina!C:Q,10,0) -> 233.4 | S3: =+VLOOKUP($C3,Pagina!$C:$Q,11,0) -> 95.239998 | T3: =+VLOOKUP($C3,Pagina!$C:$Q,12,0) -> 49.9 | U3: =+VLOOKUP($C3,Pagina!$C:$Q,13,0) -> 1 | V3: =+VLOOKUP($C3,Pagina!$C:$Q,14,0) -> 0,270000 | W3: =+VLOOKUP($C3,Pagina!$C:$Q,15,0) -> 0,063000 | X3: =+R3-F3 -> 0.748 | Y3: =+ABS(X3) -> 0.748 | Z3: =+X3*X3 -> 0.559504 | AA3: =+(X3/F3)*100 -> 0.32151024
A4: =+INT(D4) -> 46211 | B4: =+MOD(D4,1) -> 0.79056742 | C4: 46211.791 | D4: 46211.791 | E4: 232.535 | F4: 232.644 | G4: 232.644 | H4: 232.681 | I4: 292.552 | J4: 295.07 | K4: 295.07 | L4: 299.68 | M4: 49.98 | N4: 49.982 | O4: 49.983 | P4: 68.082 | Q4: 0.992 | R4: =+VLOOKUP(C4,Pagina!C:Q,10,0) -> 233.5 | S4: =+VLOOKUP($C4,Pagina!$C:$Q,11,0) -> 95.239998 | T4: =+VLOOKUP($C4,Pagina!$C:$Q,12,0) -> 49.9 | U4: =+VLOOKUP($C4,Pagina!$C:$Q,13,0) -> 1 | V4: =+VLOOKUP($C4,Pagina!$C:$Q,14,0) -> 0,271000 | W4: =+VLOOKUP($C4,Pagina!$C:$Q,15,0) -> 0,063200 | X4: =+R4-F4 -> 0.856 | Y4: =+ABS(X4) -> 0.856 | Z4: =+X4*X4 -> 0.732736 | AA4: =+(X4/F4)*100 -> 0.36794416
A5: =+INT(D5) -> 46211 | B5: =+MOD(D5,1) -> 0.790579 | C5: 46211.791 | D5: 46211.791 | E5: 232.637 | F5: 232.684 | G5: 232.684 | H5: 232.751 | I5: 293.268 | J5: 295.73 | K5: 295.73 | L5: 301.07 | M5: 49.983 | N5: 49.986 | O5: 49.987 | P5: 68.357 | Q5: 0.994 | R5: =+VLOOKUP(C5,Pagina!C:Q,10,0) -> 233.5 | S5: =+VLOOKUP($C5,Pagina!$C:$Q,11,0) -> 95.239998 | T5: =+VLOOKUP($C5,Pagina!$C:$Q,12,0) -> 49.9 | U5: =+VLOOKUP($C5,Pagina!$C:$Q,13,0) -> 1 | V5: =+VLOOKUP($C5,Pagina!$C:$Q,14,0) -> 0,271000 | W5: =+VLOOKUP($C5,Pagina!$C:$Q,15,0) -> 0,063200 | X5: =+R5-F5 -> 0.816 | Y5: =+ABS(X5) -> 0.816 | Z5: =+X5*X5 -> 0.665856 | AA5: =+(X5/F5)*100 -> 0.35069021
A6: =+INT(D6) -> 46211 | B6: =+MOD(D6,1) -> 0.79059058 | C6: 46211.791 | D6: 46211.791 | E6: 232.669 | F6: 232.721 | G6: 232.721 | H6: 232.763 | I6: 293.772 | J6: 294.12 | K6: 294.12 | L6: 294.49 | M6: 49.987 | N6: 49.988 | O6: 49.989 | P6: 68.297 | Q6: 0.998 | R6: =+VLOOKUP(C6,Pagina!C:Q,10,0) -> 233.5 | S6: =+VLOOKUP($C6,Pagina!$C:$Q,11,0) -> 95.239998 | T6: =+VLOOKUP($C6,Pagina!$C:$Q,12,0) -> 50 | U6: =+VLOOKUP($C6,Pagina!$C:$Q,13,0) -> 1 | V6: =+VLOOKUP($C6,Pagina!$C:$Q,14,0) -> 0,271000 | W6: =+VLOOKUP($C6,Pagina!$C:$Q,15,0) -> 0,063200 | X6: =+R6-F6 -> 0.779 | Y6: =+ABS(X6) -> 0.779 | Z6: =+X6*X6 -> 0.606841 | AA6: =+(X6/F6)*100 -> 0.33473558
A7: =+INT(D7) -> 46211 | B7: =+MOD(D7,1) -> 0.79060215 | C7: 46211.791 | D7: 46211.791 | E7: 232.651 | F7: 232.689 | G7: 232.689 | H7: 232.734 | I7: 294.15 | J7: 296.38 | K7: 296.38 | L7: 298.93 | M7: 49.99 | N7: 49.991 | O7: 49.992 | P7: 68.311 | Q7: 0.991 | R7: =+VLOOKUP(C7,Pagina!C:Q,10,0) -> 233.5 | S7: =+VLOOKUP($C7,Pagina!$C:$Q,11,0) -> 95.239998 | T7: =+VLOOKUP($C7,Pagina!$C:$Q,12,0) -> 49.9 | U7: =+VLOOKUP($C7,Pagina!$C:$Q,13,0) -> 1 | V7: =+VLOOKUP($C7,Pagina!$C:$Q,14,0) -> 0,270000 | W7: =+VLOOKUP($C7,Pagina!$C:$Q,15,0) -> 0,063000 | X7: =+R7-F7 -> 0.811 | Y7: =+ABS(X7) -> 0.811 | Z7: =+X7*X7 -> 0.657721 | AA7: =+(X7/F7)*100 -> 0.34853388
A8: =+INT(D8) -> 46211 | B8: =+MOD(D8,1) -> 0.79061373 | C8: 46211.791 | D8: 46211.791 | E8: 232.7 | F8: 232.733 | G8: 232.733 | H8: 232.777 | I8: 294.066 | J8: 299.21 | K8: 299.21 | L8: 306.75 | M8: 49.993 | N8: 49.993 | O8: 49.994 | P8: 68.382 | Q8: 0.982 | R8: =+VLOOKUP(C8,Pagina!C:Q,10,0) -> 233.5 | S8: =+VLOOKUP($C8,Pagina!$C:$Q,11,0) -> 95.239998 | T8: =+VLOOKUP($C8,Pagina!$C:$Q,12,0) -> 49.9 | U8: =+VLOOKUP($C8,Pagina!$C:$Q,13,0) -> 1 | V8: =+VLOOKUP($C8,Pagina!$C:$Q,14,0) -> 0,270000 | W8: =+VLOOKUP($C8,Pagina!$C:$Q,15,0) -> 0,062800 | X8: =+R8-F8 -> 0.767 | Y8: =+ABS(X8) -> 0.767 | Z8: =+X8*X8 -> 0.588289 | AA8: =+(X8/F8)*100 -> 0.3295622
A9: =+INT(D9) -> 46211 | B9: =+MOD(D9,1) -> 0.7906253 | C9: 46211.791 | D9: 46211.791 | E9: 232.431 | F9: 232.554 | G9: 232.554 | H9: 232.646 | I9: 295.364 | J9: 298.68 | K9: 298.68 | L9: 304.41 | M9: 49.992 | N9: 49.993 | O9: 49.994 | P9: 68.307 | Q9: 0.984 | R9: =+VLOOKUP(C9,Pagina!C:Q,10,0) -> 233.5 | S9: =+VLOOKUP($C9,Pagina!$C:$Q,11,0) -> 95.239998 | T9: =+VLOOKUP($C9,Pagina!$C:$Q,12,0) -> 50 | U9: =+VLOOKUP($C9,Pagina!$C:$Q,13,0) -> 1 | V9: =+VLOOKUP($C9,Pagina!$C:$Q,14,0) -> 0,271000 | W9: =+VLOOKUP($C9,Pagina!$C:$Q,15,0) -> 0,063100 | X9: =+R9-F9 -> 0.946 | Y9: =+ABS(X9) -> 0.946 | Z9: =+X9*X9 -> 0.894916 | AA9: =+(X9/F9)*100 -> 0.40678724
A10: =+INT(D10) -> 46211 | B10: =+MOD(D10,1) -> 0.79063687 | C10: 46211.791 | D10: 46211.791 | E10: 232.584 | F10: 232.624 | G10: 232.624 | H10: 232.716 | I10: 293.1 | J10: 294.03 | K10: 294.03 | L10: 294.57 | M10: 49.992 | N10: 49.992 | O10: 49.993 | P10: 68.228 | Q10: 0.998 | R10: =+VLOOKUP(C10,Pagina!C:Q,10,0) -> 233.5 | S10: =+VLOOKUP($C10,Pagina!$C:$Q,11,0) -> 95.239998 | T10: =+VLOOKUP($C10,Pagina!$C:$Q,12,0) -> 50 | U10: =+VLOOKUP($C10,Pagina!$C:$Q,13,0) -> 1 | V10: =+VLOOKUP($C10,Pagina!$C:$Q,14,0) -> 0,271000 | W10: =+VLOOKUP($C10,Pagina!$C:$Q,15,0) -> 0,063100 | X10: =+R10-F10 -> 0.876 | Y10: =+ABS(X10) -> 0.876 | Z10: =+X10*X10 -> 0.767376 | AA10: =+(X10/F10)*100 -> 0.37657335
A11: =+INT(D11) -> 46211 | B11: =+MOD(D11,1) -> 0.79064846 | C11: 46211.791 | D11: 46211.791 | E11: 232.637 | F11: 232.707 | G11: 232.707 | H11: 232.801 | I11: 294.024 | J11: 297.23 | K11: 297.23 | L11: 302.87 | M11: 49.992 | N11: 49.992 | O11: 49.994 | P11: 68.212 | Q11: 0.986 | R11: =+VLOOKUP(C11,Pagina!C:Q,10,0) -> 233.5 | S11: =+VLOOKUP($C11,Pagina!$C:$Q,11,0) -> 95.239998 | T11: =+VLOOKUP($C11,Pagina!$C:$Q,12,0) -> 50 | U11: =+VLOOKUP($C11,Pagina!$C:$Q,13,0) -> 1 | V11: =+VLOOKUP($C11,Pagina!$C:$Q,14,0) -> 0,271000 | W11: =+VLOOKUP($C11,Pagina!$C:$Q,15,0) -> 0,063100 | X11: =+R11-F11 -> 0.793 | Y11: =+ABS(X11) -> 0.793 | Z11: =+X11*X11 -> 0.628849 | AA11: =+(X11/F11)*100 -> 0.34077187
A12: =+INT(D12) -> 46211 | B12: =+MOD(D12,1) -> 0.79066003 | C12: 46211.791 | D12: 46211.791 | E12: 232.505 | F12: 232.643 | G12: 232.643 | H12: 232.8 | I12: 293.52 | J12: 295.58 | K12: 295.58 | L12: 296.7 | M12: 49.993 | N12: 49.995 | O12: 49.996 | P12: 68.332 | Q12: 0.994 | R12: =+VLOOKUP(C12,Pagina!C:Q,10,0) -> 233.6 | S12: =+VLOOKUP($C12,Pagina!$C:$Q,11,0) -> 95.239998 | T12: =+VLOOKUP($C12,Pagina!$C:$Q,12,0) -> 50 | U12: =+VLOOKUP($C12,Pagina!$C:$Q,13,0) -> 1 | V12: =+VLOOKUP($C12,Pagina!$C:$Q,14,0) -> 0,271000 | W12: =+VLOOKUP($C12,Pagina!$C:$Q,15,0) -> 0,063100 | X12: =+R12-F12 -> 0.957 | Y12: =+ABS(X12) -> 0.957 | Z12: =+X12*X12 -> 0.915849 | AA12: =+(X12/F12)*100 -> 0.41135989
A13: =+INT(D13) -> 46211 | B13: =+MOD(D13,1) -> 0.79067161 | C13: 46211.791 | D13: 46211.791 | E13: 232.611 | F13: 232.674 | G13: 232.674 | H13: 232.728 | I13: 295.823 | J13: 300.79 | K13: 300.79 | L13: 306.15 | M13: 49.995 | N13: 49.995 | O13: 49.996 | P13: 68.451 | Q13: 0.978 | R13: =+VLOOKUP(C13,Pagina!C:Q,10,0) -> 233.6 | S13: =+VLOOKUP($C13,Pagina!$C:$Q,11,0) -> 95.239998 | T13: =+VLOOKUP($C13,Pagina!$C:$Q,12,0) -> 50 | U13: =+VLOOKUP($C13,Pagina!$C:$Q,13,0) -> 1 | V13: =+VLOOKUP($C13,Pagina!$C:$Q,14,0) -> 0,271000 | W13: =+VLOOKUP($C13,Pagina!$C:$Q,15,0) -> 0,063100 | X13: =+R13-F13 -> 0.926 | Y13: =+ABS(X13) -> 0.926 | Z13: =+X13*X13 -> 0.857476 | AA13: =+(X13/F13)*100 -> 0.39798173
A14: =+INT(D14) -> 46211 | B14: =+MOD(D14,1) -> 0.79068318 | C14: 46211.791 | D14: 46211.791 | E14: 232.466 | F14: 232.533 | G14: 232.533 | H14: 232.641 | I14: 293.436 | J14: 298.29 | K14: 298.29 | L14: 305.38 | M14: 49.992 | N14: 49.992 | O14: 49.994 | P14: 68.131 | Q14: 0.983 | R14: =+VLOOKUP(C14,Pagina!C:Q,10,0) -> 233.6 | S14: =+VLOOKUP($C14,Pagina!$C:$Q,11,0) -> 95.239998 | T14: =+VLOOKUP($C14,Pagina!$C:$Q,12,0) -> 50 | U14: =+VLOOKUP($C14,Pagina!$C:$Q,13,0) -> 1 | V14: =+VLOOKUP($C14,Pagina!$C:$Q,14,0) -> 0,271000 | W14: =+VLOOKUP($C14,Pagina!$C:$Q,15,0) -> 0,063100 | X14: =+R14-F14 -> 1.067 | Y14: =+ABS(X14) -> 1.067 | Z14: =+X14*X14 -> 1.138489 | AA14: =+(X14/F14)*100 -> 0.4588596
... A602: =+INT(D602) -> 46211 | B602: =+MOD(D602,1) -> 0.79749049 | C602: 46211.797 | D602: 46211.797 | E602: 232.409 | F602: 232.484 | G602: 232.484 | H602: 232.54 | I602: 293.562 | J602: 294.77 | K602: 294.77 | L602: 295.74 | M602: 50.059 | N602: 50.06 | O602: 50.061 | P602: 68.18 | Q602: 0.995 | R602: =+VLOOKUP(C602,Pagina!C:Q,10,0) -> 233.5 | S602: =+VLOOKUP($C602,Pagina!$C:$Q,11,0) -> 95.25 | T602: =+VLOOKUP($C602,Pagina!$C:$Q,12,0) -> 50 | U602: =+VLOOKUP($C602,Pagina!$C:$Q,13,0) -> 1 | V602: =+VLOOKUP($C602,Pagina!$C:$Q,14,0) -> 0,271000 | W602: =+VLOOKUP($C602,Pagina!$C:$Q,15,0) -> 0,063100 | X602: =+R602-F602 -> 1.016 | Y602: =+ABS(X602) -> 1.016 | Z602: =+X602*X602 -> 1.032256 | AA602: =+(X602/F602)*100 -> 0.43701932
AA604: Voltaje
Z605: MAE | AA605: =+AVERAGE(Y1:Y602) -> 0.8718619
Z606: RMSE | AA606: =+SQRT(AVERAGE(Z2:Z602)) -> 0.89228447
Z607: MAPE | AA607: =+AVERAGE(AA2:AA602) -> 0.37490896

Sheet 012
A1: Fecha | B1: Hora | C1: Fecha Hora | D1: Hora [UTC] | E1: U1(Min) [V] | F1: U1(Med) [V] | G1: U1(ProAct) [V] | H1: U1(Max) [V] | I1: I1(Min) [A] | J1: I1(Med) [A] | K1: I1(ProAct) [A] | L1: I1(Max) [A] | M1: f(Min) [Hz] | N1: f(ProAct) [Hz] | O1: f(Max) [Hz] | P1: PF1cap+(ProAct) [] | Q1: Voltaje | R1: energia_kwh | S1: Frecuencia | T1: Factor_Potencia | U1: corriente | V1: potencia_kw | W1: Error (Enp -Metrel) | X1: Error Abs | Y1: Error Cuadrado | Z1: Error porcentual abs
A2: =+INT(D2) -> 46211 | B2: =+MOD(D2,1) -> 0.78185376 | C2: 46211.782 | D2: 46211.782 | E2: 230.189 | F2: 230.215 | G2: 230.215 | H2: 230.248 | I2: 8.54 | J2: 8.54 | K2: 8.54 | L2: 8.54 | M2: 49.988 | N2: 49.988 | O2: 49.988 | P2: 0.991 | Q2: =+VLOOKUP($C2,Pagina!$C:$Q,10,0) -> 231 | R2: =+VLOOKUP($C2,Pagina!$C:$Q,11,0) -> 95.058998 | S2: =+VLOOKUP($C2,Pagina!$C:$Q,12,0) -> 50 | T2: =+VLOOKUP($C2,Pagina!$C:$Q,13,0) -> 0,990000 | U2: =+VLOOKUP($C2,Pagina!$C:$Q,14,0) -> 8166000 | V2: =+VLOOKUP($C2,Pagina!$C:$Q,15,0) -> 1868200 | W2: =+Q2-E2 -> 0.811 | X2: =+ABS(W2) -> 0.811 | Y2: =+W2*W2 -> 0.657721 | Z2: =+(W2/E2)*100 -> 0.35231918
A3: =+INT(D3) -> 46211 | B3: =+MOD(D3,1) -> 0.78186535 | C3: 46211.782 | D3: 46211.782 | E3: 230.172 | F3: 230.221 | G3: 230.221 | H3: 230.292 | I3: 8.53 | J3: 8.53 | K3: 8.53 | L3: 8.54 | M3: 49.988 | N3: 49.988 | O3: 49.989 | P3: 0.991 | Q3: =+VLOOKUP($C3,Pagina!$C:$Q,10,0) -> 230.9 | R3: =+VLOOKUP($C3,Pagina!$C:$Q,11,0) -> 95.058998 | S3: =+VLOOKUP($C3,Pagina!$C:$Q,12,0) -> 50 | T3: =+VLOOKUP($C3,Pagina!$C:$Q,13,0) -> 0,990000 | U3: =+VLOOKUP($C3,Pagina!$C:$Q,14,0) -> 8166000 | V3: =+VLOOKUP($C3,Pagina!$C:$Q,15,0) -> 1867300 | W3: =+Q3-E3 -> 0.728 | X3: =+ABS(W3) -> 0.728 | Y3: =+W3*W3 -> 0.529984 | Z3: =+(W3/E3)*100 -> 0.31628521
A4: =+INT(D4) -> 46211 | B4: =+MOD(D4,1) -> 0.78187692 | C4: 46211.782 | D4: 46211.782 | E4: 230.172 | F4: 230.186 | G4: 230.186 | H4: 230.206 | I4: 8.53 | J4: 8.53 | K4: 8.53 | L4: 8.53 | M4: 49.988 | N4: 49.989 | O4: 49.99 | P4: 0.991 | Q4: =+VLOOKUP($C4,Pagina!$C:$Q,10,0) -> 230.9 | R4: =+VLOOKUP($C4,Pagina!$C:$Q,11,0) -> 95.059998 | S4: =+VLOOKUP($C4,Pagina!$C:$Q,12,0) -> 50 | T4: =+VLOOKUP($C4,Pagina!$C:$Q,13,0) -> 0,990000 | U4: =+VLOOKUP($C4,Pagina!$C:$Q,14,0) -> 8166000 | V4: =+VLOOKUP($C4,Pagina!$C:$Q,15,0) -> 1866800 | W4: =+Q4-E4 -> 0.728 | X4: =+ABS(W4) -> 0.728 | Y4: =+W4*W4 -> 0.529984 | Z4: =+(W4/E4)*100 -> 0.31628521
A5: =+INT(D5) -> 46211 | B5: =+MOD(D5,1) -> 0.7818885 | C5: 46211.782 | D5: 46211.782 | E5: 230.155 | F5: 230.178 | G5: 230.178 | H5: 230.205 | I5: 8.53 | J5: 8.53 | K5: 8.53 | L5: 8.53 | M5: 49.99 | N5: 49.992 | O5: 49.993 | P5: 0.991 | Q5: =+VLOOKUP($C5,Pagina!$C:$Q,10,0) -> 230.9 | R5: =+VLOOKUP($C5,Pagina!$C:$Q,11,0) -> 95.059998 | S5: =+VLOOKUP($C5,Pagina!$C:$Q,12,0) -> 50 | T5: =+VLOOKUP($C5,Pagina!$C:$Q,13,0) -> 0,990000 | U5: =+VLOOKUP($C5,Pagina!$C:$Q,14,0) -> 8164000 | V5: =+VLOOKUP($C5,Pagina!$C:$Q,15,0) -> 1866200 | W5: =+Q5-E5 -> 0.745 | X5: =+ABS(W5) -> 0.745 | Y5: =+W5*W5 -> 0.555025 | Z5: =+(W5/E5)*100 -> 0.3236949
A6: =+INT(D6) -> 46211 | B6: =+MOD(D6,1) -> 0.78190007 | C6: 46211.782 | D6: 46211.782 | E6: 230.159 | F6: 230.219 | G6: 230.219 | H6: 230.295 | I6: 8.53 | J6: 8.54 | K6: 8.54 | L6: 8.54 | M6: 49.994 | N6: 49.997 | O6: 49.999 | P6: 0.991 | Q6: =+VLOOKUP($C6,Pagina!$C:$Q,10,0) -> 230.9 | R6: =+VLOOKUP($C6,Pagina!$C:$Q,11,0) -> 95.060997 | S6: =+VLOOKUP($C6,Pagina!$C:$Q,12,0) -> 50 | T6: =+VLOOKUP($C6,Pagina!$C:$Q,13,0) -> 0,990000 | U6: =+VLOOKUP($C6,Pagina!$C:$Q,14,0) -> 8164000 | V6: =+VLOOKUP($C6,Pagina!$C:$Q,15,0) -> 1866200 | W6: =+Q6-E6 -> 0.741 | X6: =+ABS(W6) -> 0.741 | Y6: =+W6*W6 -> 0.549081 | Z6: =+(W6/E6)*100 -> 0.32195135
A7: =+INT(D7) -> 46211 | B7: =+MOD(D7,1) -> 0.78191164 | C7: 46211.782 | D7: 46211.782 | E7: 230.258 | F7: 230.291 | G7: 230.291 | H7: 230.327 | I7: 8.54 | J7: 8.54 | K7: 8.54 | L7: 8.54 | M7: 50 | N7: 50.003 | O7: 50.007 | P7: 0.991 | Q7: =+VLOOKUP($C7,Pagina!$C:$Q,10,0) -> 230.9 | R7: =+VLOOKUP($C7,Pagina!$C:$Q,11,0) -> 95.060997 | S7: =+VLOOKUP($C7,Pagina!$C:$Q,12,0) -> 50 | T7: =+VLOOKUP($C7,Pagina!$C:$Q,13,0) -> 0,990000 | U7: =+VLOOKUP($C7,Pagina!$C:$Q,14,0) -> 8161000 | V7: =+VLOOKUP($C7,Pagina!$C:$Q,15,0) -> 1866000 | W7: =+Q7-E7 -> 0.642 | X7: =+ABS(W7) -> 0.642 | Y7: =+W7*W7 -> 0.412164 | Z7: =+(W7/E7)*100 -> 0.27881767
A8: =+INT(D8) -> 46211 | B8: =+MOD(D8,1) -> 0.78192322 | C8: 46211.782 | D8: 46211.782 | E8: 230.333 | F8: 230.389 | G8: 230.389 | H8: 230.416 | I8: 8.54 | J8: 8.54 | K8: 8.54 | L8: 8.54 | M8: 50.008 | N8: 50.012 | O8: 50.016 | P8: 0.991 | Q8: =+VLOOKUP($C8,Pagina!$C:$Q,10,0) -> 231 | R8: =+VLOOKUP($C8,Pagina!$C:$Q,11,0) -> 95.061996 | S8: =+VLOOKUP($C8,Pagina!$C:$Q,12,0) -> 49.9 | T8: =+VLOOKUP($C8,Pagina!$C:$Q,13,0) -> 0,990000 | U8: =+VLOOKUP($C8,Pagina!$C:$Q,14,0) -> 8164000 | V8: =+VLOOKUP($C8,Pagina!$C:$Q,15,0) -> 1866900 | W8: =+Q8-E8 -> 0.667 | X8: =+ABS(W8) -> 0.667 | Y8: =+W8*W8 -> 0.444889 | Z8: =+(W8/E8)*100 -> 0.28958074
A9: =+INT(D9) -> 46211 | B9: =+MOD(D9,1) -> 0.78193478 | C9: 46211.782 | D9: 46211.782 | E9: 230.414 | F9: 230.44 | G9: 230.44 | H9: 230.458 | I9: 8.54 | J9: 8.54 | K9: 8.54 | L9: 8.54 | M9: 50.018 | N9: 50.022 | O9: 50.025 | P9: 0.991 | Q9: =+VLOOKUP($C9,Pagina!$C:$Q,10,0) -> 231.1 | R9: =+VLOOKUP($C9,Pagina!$C:$Q,11,0) -> 95.061996 | S9: =+VLOOKUP($C9,Pagina!$C:$Q,12,0) -> 50 | T9: =+VLOOKUP($C9,Pagina!$C:$Q,13,0) -> 0,990000 | U9: =+VLOOKUP($C9,Pagina!$C:$Q,14,0) -> 8166000 | V9: =+VLOOKUP($C9,Pagina!$C:$Q,15,0) -> 1868200 | W9: =+Q9-E9 -> 0.686 | X9: =+ABS(W9) -> 0.686 | Y9: =+W9*W9 -> 0.470596 | Z9: =+(W9/E9)*100 -> 0.29772496
A10: =+INT(D10) -> 46211 | B10: =+MOD(D10,1) -> 0.78194443 | C10: 46211.782 | D10: 46211.782 | E10: 230.441 | F10: 230.446 | G10: 230.446 | H10: 230.452 | I10: 8.53 | J10: 8.53 | K10: 8.53 | L10: 8.54 | M10: 50.028 | N10: 50.032 | O10: 50.035 | P10: 0.991 | Q10: =+VLOOKUP($C10,Pagina!$C:$Q,10,0) -> 231.1 | R10: =+VLOOKUP($C10,Pagina!$C:$Q,11,0) -> 95.063004 | S10: =+VLOOKUP($C10,Pagina!$C:$Q,12,0) -> 50 | T10: =+VLOOKUP($C10,Pagina!$C:$Q,13,0) -> 0,990000 | U10: =+VLOOKUP($C10,Pagina!$C:$Q,14,0) -> 8166000 | V10: =+VLOOKUP($C10,Pagina!$C:$Q,15,0) -> 1868200 | W10: =+Q10-E10 -> 0.659 | X10: =+ABS(W10) -> 0.659 | Y10: =+W10*W10 -> 0.434281 | Z10: =+(W10/E10)*100 -> 0.28597342
A11: =+INT(D11) -> 46211 | B11: =+MOD(D11,1) -> 0.78195831 | C11: 46211.782 | D11: 46211.782 | E11: 230.392 | F11: 230.439 | G11: 230.439 | H11: 230.48 | I11: 8.53 | J11: 8.53 | K11: 8.53 | L11: 8.54 | M11: 50.036 | N11: 50.038 | O11: 50.041 | P11: 0.991 | Q11: =+VLOOKUP($C11,Pagina!$C:$Q,10,0) -> 231 | R11: =+VLOOKUP($C11,Pagina!$C:$Q,11,0) -> 95.063004 | S11: =+VLOOKUP($C11,Pagina!$C:$Q,12,0) -> 49.9 | T11: =+VLOOKUP($C11,Pagina!$C:$Q,13,0) -> 0,990000 | U11: =+VLOOKUP($C11,Pagina!$C:$Q,14,0) -> 8165000 | V11: =+VLOOKUP($C11,Pagina!$C:$Q,15,0) -> 1867900 | W11: =+Q11-E11 -> 0.608 | X11: =+ABS(W11) -> 0.608 | Y11: =+W11*W11 -> 0.369664 | Z11: =+(W11/E11)*100 -> 0.26389805
A12: =+INT(D12) -> 46211 | B12: =+MOD(D12,1) -> 0.78196987 | C12: 46211.782 | D12: 46211.782 | E12: 230.354 | F12: 230.37 | G12: 230.37 | H12: 230.399 | I12: 8.53 | J12: 8.53 | K12: 8.53 | L12: 8.54 | M12: 50.041 | N12: 50.043 | O12: 50.046 | P12: 0.991 | Q12: =+VLOOKUP($C12,Pagina!$C:$Q,10,0) -> 231 | R12: =+VLOOKUP($C12,Pagina!$C:$Q,11,0) -> 95.064003 | S12: =+VLOOKUP($C12,Pagina!$C:$Q,12,0) -> 50 | T12: =+VLOOKUP($C12,Pagina!$C:$Q,13,0) -> 0,990000 | U12: =+VLOOKUP($C12,Pagina!$C:$Q,14,0) -> 8163000 | V12: =+VLOOKUP($C12,Pagina!$C:$Q,15,0) -> 1867300 | W12: =+Q12-E12 -> 0.646 | X12: =+ABS(W12) -> 0.646 | Y12: =+W12*W12 -> 0.417316 | Z12: =+(W12/E12)*100 -> 0.28043793
A13: =+INT(D13) -> 46211 | B13: =+MOD(D13,1) -> 0.78198145 | C13: 46211.782 | D13: 46211.782 | E13: 230.325 | F13: 230.365 | G13: 230.365 | H13: 230.396 | I13: 8.53 | J13: 8.53 | K13: 8.53 | L13: 8.54 | M13: 50.047 | N13: 50.048 | O13: 50.049 | P13: 0.991 | Q13: =+VLOOKUP($C13,Pagina!$C:$Q,10,0) -> 231 | R13: =+VLOOKUP($C13,Pagina!$C:$Q,11,0) -> 95.064003 | S13: =+VLOOKUP($C13,Pagina!$C:$Q,12,0) -> 50 | T13: =+VLOOKUP($C13,Pagina!$C:$Q,13,0) -> 0,990000 | U13: =+VLOOKUP($C13,Pagina!$C:$Q,14,0) -> 8165000 | V13: =+VLOOKUP($C13,Pagina!$C:$Q,15,0) -> 1868000 | W13: =+Q13-E13 -> 0.675 | X13: =+ABS(W13) -> 0.675 | Y13: =+W13*W13 -> 0.455625 | Z13: =+(W13/E13)*100 -> 0.29306415
... A17: =+INT(D17) -> 46211 | B17: =+MOD(D17,1) -> 0.78202769 | C17: 46211.782 | D17: 46211.782 | E17: 230.276 | F17: 230.376 | G17: 230.376 | H17: 230.654 | I17: 7.85 | J17: 8.4 | K17: 8.4 | L17: 8.53 | M17: 50.055 | N17: 50.057 | O17: 50.057 | P17: 0.991 | Q17: =+VLOOKUP($C17,Pagina!$C:$Q,10,0) -> 231.3 | R17: =+VLOOKUP($C17,Pagina!$C:$Q,11,0) -> 95.067001 | S17: =+VLOOKUP($C17,Pagina!$C:$Q,12,0) -> 50 | T17: =+VLOOKUP($C17,Pagina!$C:$Q,13,0) -> 0,990000 | U17: =+VLOOKUP($C17,Pagina!$C:$Q,14,0) -> 8165000 | V17: =+VLOOKUP($C17,Pagina!$C:$Q,15,0) -> 1869900 | W17: =+Q17-E17 -> 1.024 | X17: =+ABS(W17) -> 1.024 | Y17: =+W17*W17 -> 1.048576 | Z17: =+(W17/E17)*100 -> 0.44468377
A18: =+INT(D18) -> 46211 | B18: =+MOD(D18,1) -> 0.78203925 | C18: 46211.782 | D18: 46211.782 | E18: 232.924 | F18: 232.972 | G18: 232.972 | H18: 233.008 | I18: 0.05 | J18: 0.07 | K18: --- | L18: 0.09 | M18: 50.053 | N18: 50.055 | O18: 50.058 | P18: --- | Q18: =+VLOOKUP($C18,Pagina!$C:$Q,10,0) -> 231.3 | R18: =+VLOOKUP($C18,Pagina!$C:$Q,11,0) -> 95.067001 | S18: =+VLOOKUP($C18,Pagina!$C:$Q,12,0) -> 50 | T18: =+VLOOKUP($C18,Pagina!$C:$Q,13,0) -> 0,990000 | U18: =+VLOOKUP($C18,Pagina!$C:$Q,14,0) -> 8164000 | V18: =+VLOOKUP($C18,Pagina!$C:$Q,15,0) -> 1869600 | W18: =+Q18-E18 -> -1.624 | X18: =+ABS(W18) -> 1.624 | Y18: =+W18*W18 -> 2.637376 | Z18: =+(W18/E18)*100 -> -0.69722313
A19: =+INT(D19) -> 46211 | B19: =+MOD(D19,1) -> 0.78205081 | C19: 46211.782 | D19: 46211.782 | E19: 232.872 | F19: 232.924 | G19: 232.924 | H19: 232.974 | I19: 0.02 | J19: 0.05 | K19: --- | L19: 0.08 | M19: 50.044 | N19: 50.048 | O19: 50.052 | P19: --- | Q19: =+VLOOKUP($C19,Pagina!$C:$Q,10,0) -> 231.2 | R19: =+VLOOKUP($C19,Pagina!$C:$Q,11,0) -> 95.068001 | S19: =+VLOOKUP($C19,Pagina!$C:$Q,12,0) -> 50 | T19: =+VLOOKUP($C19,Pagina!$C:$Q,13,0) -> 0,990000 | U19: =+VLOOKUP($C19,Pagina!$C:$Q,14,0) -> 8163000 | V19: =+VLOOKUP($C19,Pagina!$C:$Q,15,0) -> 1869000 | W19: =+Q19-E19 -> -1.672 | X19: =+ABS(W19) -> 1.672 | Y19: =+W19*W19 -> 2.795584 | Z19: =+(W19/E19)*100 -> -0.717991
A20: =+INT(D20) -> 46211 | B20: =+MOD(D20,1) -> 0.78206237 | C20: 46211.782 | D20: 46211.782 | E20: 232.802 | F20: 232.835 | G20: 232.835 | H20: 232.877 | I20: 0.02 | J20: 0.03 | K20: --- | L20: 0.05 | M20: 50.034 | N20: 50.039 | O20: 50.042 | P20: --- | Q20: =+VLOOKUP($C20,Pagina!$C:$Q,10,0) -> 231.2 | R20: =+VLOOKUP($C20,Pagina!$C:$Q,11,0) -> 95.068001 | S20: =+VLOOKUP($C20,Pagina!$C:$Q,12,0) -> 50 | T20: =+VLOOKUP($C20,Pagina!$C:$Q,13,0) -> 0,990000 | U20: =+VLOOKUP($C20,Pagina!$C:$Q,14,0) -> 8163000 | V20: =+VLOOKUP($C20,Pagina!$C:$Q,15,0) -> 1869000 | W20: =+Q20-E20 -> -1.602 | X20: =+ABS(W20) -> 1.602 | Y20: =+W20*W20 -> 2.566404 | Z20: =+(W20/E20)*100 -> -0.68813842
A21: =+INT(D21) -> 46211 | B21: =+MOD(D21,1) -> 0.78207395 | C21: 46211.782 | D21: 46211.782 | E21: 232.706 | F21: 232.756 | G21: 232.756 | H21: 232.799 | I21: 0.02 | J21: 0.03 | K21: --- | L21: 0.03 | M21: 50.021 | N21: 50.026 | O21: 50.031 | P21: --- | Q21: =+VLOOKUP($C21,Pagina!$C:$Q,10,0) -> 231.2 | R21: =+VLOOKUP($C21,Pagina!$C:$Q,11,0) -> 95.069 | S21: =+VLOOKUP($C21,Pagina!$C:$Q,12,0) -> 50 | T21: =+VLOOKUP($C21,Pagina!$C:$Q,13,0) -> 0,990000 | U21: =+VLOOKUP($C21,Pagina!$C:$Q,14,0) -> 8165000 | V21: =+VLOOKUP($C21,Pagina!$C:$Q,15,0) -> 1869100 | W21: =+Q21-E21 -> -1.506 | X21: =+ABS(W21) -> 1.506 | Y21: =+W21*W21 -> 2.268036 | Z21: =+(W21/E21)*100 -> -0.64716853
A22: =+INT(D22) -> 46211 | B22: =+MOD(D22,1) -> 0.78208551 | C22: 46211.782 | D22: 46211.782 | E22: 232.708 | F22: 232.719 | G22: 232.719 | H22: 232.741 | I22: 0.02 | J22: 0.02 | K22: --- | L22: 0.03 | M22: 50.009 | N22: 50.013 | O22: 50.018 | P22: --- | Q22: =+VLOOKUP($C22,Pagina!$C:$Q,10,0) -> 231.2 | R22: =+VLOOKUP($C22,Pagina!$C:$Q,11,0) -> 95.069 | S22: =+VLOOKUP($C22,Pagina!$C:$Q,12,0) -> 50 | T22: =+VLOOKUP($C22,Pagina!$C:$Q,13,0) -> 0,990000 | U22: =+VLOOKUP($C22,Pagina!$C:$Q,14,0) -> 8163000 | V22: =+VLOOKUP($C22,Pagina!$C:$Q,15,0) -> 1869100 | W22: =+Q22-E22 -> -1.508 | X22: =+ABS(W22) -> 1.508 | Y22: =+W22*W22 -> 2.274064 | Z22: =+(W22/E22)*100 -> -0.64802241
A23: =+INT(D23) -> 46211 | B23: =+MOD(D23,1) -> 0.78209708 | C23: 46211.782 | D23: 46211.782 | E23: 232.714 | F23: 232.732 | G23: 232.732 | H23: 232.794 | I23: 0.03 | J23: 0.05 | K23: --- | L23: 0.07 | M23: 50.003 | N23: 50.005 | O23: 50.008 | P23: --- | Q23: =+VLOOKUP($C23,Pagina!$C:$Q,10,0) -> 231.2 | R23: =+VLOOKUP($C23,Pagina!$C:$Q,11,0) -> 95.07 | S23: =+VLOOKUP($C23,Pagina!$C:$Q,12,0) -> 50 | T23: =+VLOOKUP($C23,Pagina!$C:$Q,13,0) -> 0,990000 | U23: =+VLOOKUP($C23,Pagina!$C:$Q,14,0) -> 8160000 | V23: =+VLOOKUP($C23,Pagina!$C:$Q,15,0) -> 1867600 | W23: =+Q23-E23 -> -1.514 | X23: =+ABS(W23) -> 1.514 | Y23: =+W23*W23 -> 2.292196 | Z23: =+(W23/E23)*100 -> -0.65058398
A24: =+INT(D24) -> 46211 | B24: =+MOD(D24,1) -> 0.78210866 | C24: 46211.782 | D24: 46211.782 | E24: 232.732 | F24: 232.78 | G24: 232.78 | H24: 232.82 | I24: 0.02 | J24: 0.03 | K24: --- | L24: 0.05 | M24: 49.997 | N24: 49.999 | O24: 50.002 | P24: --- | Q24: =+VLOOKUP($C24,Pagina!$C:$Q,10,0) -> 232 | R24: =+VLOOKUP($C24,Pagina!$C:$Q,11,0) -> 95.07 | S24: =+VLOOKUP($C24,Pagina!$C:$Q,12,0) -> 50 | T24: =+VLOOKUP($C24,Pagina!$C:$Q,13,0) -> 1 | U24: =+VLOOKUP($C24,Pagina!$C:$Q,14,0) -> 5482000 | V24: =+VLOOKUP($C24,Pagina!$C:$Q,15,0) -> 1294800 | W24: =+Q24-E24 -> -0.732 | X24: =+ABS(W24) -> 0.732 | Y24: =+W24*W24 -> 0.535824 | Z24: =+(W24/E24)*100 -> -0.31452486
A25: =+INT(D25) -> 46211 | B25: =+MOD(D25,1) -> 0.78212023 | C25: 46211.782 | D25: 46211.782 | E25: 232.788 | F25: 232.855 | G25: 232.855 | H25: 232.934 | I25: 0.04 | J25: 0.05 | K25: --- | L25: 0.07 | M25: 49.992 | N25: 49.993 | O25: 49.995 | P25: --- | Q25: =+VLOOKUP($C25,Pagina!$C:$Q,10,0) -> 232 | R25: =+VLOOKUP($C25,Pagina!$C:$Q,11,0) -> 95.07 | S25: =+VLOOKUP($C25,Pagina!$C:$Q,12,0) -> 50 | T25: =+VLOOKUP($C25,Pagina!$C:$Q,13,0) -> 1 | U25: =+VLOOKUP($C25,Pagina!$C:$Q,14,0) -> 5482000 | V25: =+VLOOKUP($C25,Pagina!$C:$Q,15,0) -> 1294800 | W25: =+Q25-E25 -> -0.788 | X25: =+ABS(W25) -> 0.788 | Y25: =+W25*W25 -> 0.620944 | Z25: =+(W25/E25)*100 -> -0.33850542
A26: =+INT(D26) -> 46211 | B26: =+MOD(D26,1) -> 0.78213182 | C26: 46211.782 | D26: 46211.782 | E26: 232.899 | F26: 232.956 | G26: 232.956 | H26: 232.996 | I26: 0.04 | J26: 0.05 | K26: --- | L26: 0.08 | M26: 49.988 | N26: 49.989 | O26: 49.99 | P26: --- | Q26: =+VLOOKUP($C26,Pagina!$C:$Q,10,0) -> 233.8 | R26: =+VLOOKUP($C26,Pagina!$C:$Q,11,0) -> 95.07 | S26: =+VLOOKUP($C26,Pagina!$C:$Q,12,0) -> 50 | T26: =+VLOOKUP($C26,Pagina!$C:$Q,13,0) -> 0,000000 | U26: =+VLOOKUP($C26,Pagina!$C:$Q,14,0) -> 0,000000 | V26: =+VLOOKUP($C26,Pagina!$C:$Q,15,0) -> 0,000000 | W26: =+Q26-E26 -> 0.901 | X26: =+ABS(W26) -> 0.901 | Y26: =+W26*W26 -> 0.811801 | Z26: =+(W26/E26)*100 -> 0.38686297
A27: =+INT(D27) -> 46211 | B27: =+MOD(D27,1) -> 0.78214339 | C27: 46211.782 | D27: 46211.782 | E27: 232.904 | F27: 232.937 | G27: 232.937 | H27: 232.983 | I27: 0.02 | J27: 0.03 | K27: --- | L27: 0.04 | M27: 49.983 | N27: 49.985 | O27: 49.988 | P27: --- | Q27: =+VLOOKUP($C27,Pagina!$C:$Q,10,0) -> 233.7 | R27: =+VLOOKUP($C27,Pagina!$C:$Q,11,0) -> 95.07 | S27: =+VLOOKUP($C27,Pagina!$C:$Q,12,0) -> 50 | T27: =+VLOOKUP($C27,Pagina!$C:$Q,13,0) -> 0,000000 | U27: =+VLOOKUP($C27,Pagina!$C:$Q,14,0) -> 0,000000 | V27: =+VLOOKUP($C27,Pagina!$C:$Q,15,0) -> 0,000000 | W27: =+Q27-E27 -> 0.796 | X27: =+ABS(W27) -> 0.796 | Y27: =+W27*W27 -> 0.633616 | Z27: =+(W27/E27)*100 -> 0.34177172
A28: =+INT(D28) -> 46211 | B28: =+MOD(D28,1) -> 0.78215497 | C28: 46211.782 | D28: 46211.782 | E28: 232.89 | F28: 232.933 | G28: 232.933 | H28: 232.955 | I28: 0.02 | J28: 0.04 | K28: --- | L28: 0.05 | M28: 49.981 | N28: 49.982 | O28: 49.983 | P28: --- | Q28: =+VLOOKUP($C28,Pagina!$C:$Q,10,0) -> 233.6 | R28: =+VLOOKUP($C28,Pagina!$C:$Q,11,0) -> 95.07 | S28: =+VLOOKUP($C28,Pagina!$C:$Q,12,0) -> 50 | T28: =+VLOOKUP($C28,Pagina!$C:$Q,13,0) -> 0,000000 | U28: =+VLOOKUP($C28,Pagina!$C:$Q,14,0) -> 0,000000 | V28: =+VLOOKUP($C28,Pagina!$C:$Q,15,0) -> 0,000000 | W28: =+Q28-E28 -> 0.71 | X28: =+ABS(W28) -> 0.71 | Y28: =+W28*W28 -> 0.5041 | Z28: =+(W28/E28)*100 -> 0.30486496
A29: =+INT(D29) -> 46211 | B29: =+MOD(D29,1) -> 0.78216655 | C29: 46211.782 | D29: 46211.782 | E29: 232.928 | F29: 232.967 | G29: 232.967 | H29: 233.038 | I29: 0.03 | J29: 0.07 | K29: --- | L29: 0.09 | M29: 49.98 | N29: 49.98 | O29: 49.98 | P29: --- | Q29: =+VLOOKUP($C29,Pagina!$C:$Q,10,0) -> 233.6 | R29: =+VLOOKUP($C29,Pagina!$C:$Q,11,0) -> 95.07 | S29: =+VLOOKUP($C29,Pagina!$C:$Q,12,0) -> 50 | T29: =+VLOOKUP($C29,Pagina!$C:$Q,13,0) -> 0,000000 | U29: =+VLOOKUP($C29,Pagina!$C:$Q,14,0) -> 0,000000 | V29: =+VLOOKUP($C29,Pagina!$C:$Q,15,0) -> 0,000000 | W29: =+Q29-E29 -> 0.672 | X29: =+ABS(W29) -> 0.672 | Y29: =+W29*W29 -> 0.451584 | Z29: =+(W29/E29)*100 -> 0.28850117
... A31: =+INT(D31) -> 46211 | B31: =+MOD(D31,1) -> 0.7821897 | C31: 46211.782 | D31: 46211.782 | E31: 232.905 | F31: 232.948 | G31: 232.948 | H31: 233.004 | I31: 0.02 | J31: 0.03 | K31: --- | L31: 0.05 | M31: 49.977 | N31: 49.978 | O31: 49.98 | P31: --- | Q31: =+VLOOKUP($C31,Pagina!$C:$Q,10,0) -> 233.6 | R31: =+VLOOKUP($C31,Pagina!$C:$Q,11,0) -> 95.07 | S31: =+VLOOKUP($C31,Pagina!$C:$Q,12,0) -> 50 | T31: =+VLOOKUP($C31,Pagina!$C:$Q,13,0) -> 0,000000 | U31: =+VLOOKUP($C31,Pagina!$C:$Q,14,0) -> 0,000000 | V31: =+VLOOKUP($C31,Pagina!$C:$Q,15,0) -> 0,000000 | W31: =+Q31-E31 -> 0.695 | X31: =+ABS(W31) -> 0.695 | Y31: =+W31*W31 -> 0.483025 | Z31: =+(W31/E31)*100 -> 0.29840493
A32: =+INT(D32) -> 46211 | B32: =+MOD(D32,1) -> 0.78220128 | C32: 46211.782 | D32: 46211.782 | E32: 232.885 | F32: 232.932 | G32: 232.932 | H32: 232.982 | I32: 0.03 | J32: 1.2 | K32: 2.67 | L32: 2.67 | M32: 49.976 | N32: 49.977 | O32: 49.977 | P32: 0.062 | Q32: =+VLOOKUP($C32,Pagina!$C:$Q,10,0) -> 233.7 | R32: =+VLOOKUP($C32,Pagina!$C:$Q,11,0) -> 95.07 | S32: =+VLOOKUP($C32,Pagina!$C:$Q,12,0) -> 50 | T32: =+VLOOKUP($C32,Pagina!$C:$Q,13,0) -> 0,000000 | U32: =+VLOOKUP($C32,Pagina!$C:$Q,14,0) -> 0,000000 | V32: =+VLOOKUP($C32,Pagina!$C:$Q,15,0) -> 0,000000 | W32: =+Q32-E32 -> 0.815 | X32: =+ABS(W32) -> 0.815 | Y32: =+W32*W32 -> 0.664225 | Z32: =+(W32/E32)*100 -> 0.34995813
A33: =+INT(D33) -> 46211 | B33: =+MOD(D33,1) -> 0.78221286 | C33: 46211.782 | D33: 46211.782 | E33: 232.905 | F33: 232.972 | G33: 232.972 | H33: 233.046 | I33: 0.14 | J33: 0.28 | K33: 0.35 | L33: 0.4 | M33: 49.976 | N33: 49.977 | O33: 49.977 | P33: 0.441 | Q33: =+VLOOKUP($C33,Pagina!$C:$Q,10,0) -> 233.7 | R33: =+VLOOKUP($C33,Pagina!$C:$Q,11,0) -> 95.07 | S33: =+VLOOKUP($C33,Pagina!$C:$Q,12,0) -> 50 | T33: =+VLOOKUP($C33,Pagina!$C:$Q,13,0) -> 0,000000 | U33: =+VLOOKUP($C33,Pagina!$C:$Q,14,0) -> 0,000000 | V33: =+VLOOKUP($C33,Pagina!$C:$Q,15,0) -> 0,000000 | W33: =+Q33-E33 -> 0.795 | X33: =+ABS(W33) -> 0.795 | Y33: =+W33*W33 -> 0.632025 | Z33: =+(W33/E33)*100 -> 0.34134089
A34: =+INT(D34) -> 46211 | B34: =+MOD(D34,1) -> 0.78222444 | C34: 46211.782 | D34: 46211.782 | E34: 232.92 | F34: 232.996 | G34: 232.996 | H34: 233.068 | I34: 0.22 | J34: 0.3 | K34: 0.3 | L34: 0.4 | M34: 49.976 | N34: 49.976 | O34: 49.977 | P34: 0.434 | Q34: =+VLOOKUP($C34,Pagina!$C:$Q,10,0) -> 233.8 | R34: =+VLOOKUP($C34,Pagina!$C:$Q,11,0) -> 95.07 | S34: =+VLOOKUP($C34,Pagina!$C:$Q,12,0) -> 50 | T34: =+VLOOKUP($C34,Pagina!$C:$Q,13,0) -> 0,000000 | U34: =+VLOOKUP($C34,Pagina!$C:$Q,14,0) -> 0,000000 | V34: =+VLOOKUP($C34,Pagina!$C:$Q,15,0) -> 0,000000 | W34: =+Q34-E34 -> 0.88 | X34: =+ABS(W34) -> 0.88 | Y34: =+W34*W34 -> 0.7744 | Z34: =+(W34/E34)*100 -> 0.37781212
A35: =+INT(D35) -> 46211 | B35: =+MOD(D35,1) -> 0.78223602 | C35: 46211.782 | D35: 46211.782 | E35: 232.949 | F35: 232.985 | G35: 232.985 | H35: 233.053 | I35: 0.23 | J35: 0.28 | K35: 0.28 | L35: 0.33 | M35: 49.976 | N35: 49.976 | O35: 49.977 | P35: --- | Q35: =+VLOOKUP($C35,Pagina!$C:$Q,10,0) -> 233.8 | R35: =+VLOOKUP($C35,Pagina!$C:$Q,11,0) -> 95.07 | S35: =+VLOOKUP($C35,Pagina!$C:$Q,12,0) -> 49.9 | T35: =+VLOOKUP($C35,Pagina!$C:$Q,13,0) -> 0,000000 | U35: =+VLOOKUP($C35,Pagina!$C:$Q,14,0) -> 0,000000 | V35: =+VLOOKUP($C35,Pagina!$C:$Q,15,0) -> 0,000000 | W35: =+Q35-E35 -> 0.851 | X35: =+ABS(W35) -> 0.851 | Y35: =+W35*W35 -> 0.724201 | Z35: =+(W35/E35)*100 -> 0.36531601
A36: =+INT(D36) -> 46211 | B36: =+MOD(D36,1) -> 0.7822476 | C36: 46211.782 | D36: 46211.782 | E36: 232.86 | F36: 232.957 | G36: 232.957 | H36: 233.012 | I36: 0.31 | J36: 0.33 | K36: 0.33 | L36: 0.36 | M36: 49.977 | N36: 49.982 | O36: 49.987 | P36: 0.439 | Q36: =+VLOOKUP($C36,Pagina!$C:$Q,10,0) -> 233.8 | R36: =+VLOOKUP($C36,Pagina!$C:$Q,11,0) -> 95.07 | S36: =+VLOOKUP($C36,Pagina!$C:$Q,12,0) -> 49.9 | T36: =+VLOOKUP($C36,Pagina!$C:$Q,13,0) -> 0,000000 | U36: =+VLOOKUP($C36,Pagina!$C:$Q,14,0) -> 0,000000 | V36: =+VLOOKUP($C36,Pagina!$C:$Q,15,0) -> 0,000000 | W36: =+Q36-E36 -> 0.94 | X36: =+ABS(W36) -> 0.94 | Y36: =+W36*W36 -> 0.8836 | Z36: =+(W36/E36)*100 -> 0.40367603
A37: =+INT(D37) -> 46211 | B37: =+MOD(D37,1) -> 0.78225918 | C37: 46211.782 | D37: 46211.782 | E37: 232.823 | F37: 232.874 | G37: 232.874 | H37: 232.906 | I37: 0.33 | J37: 0.35 | K37: 0.35 | L37: 0.37 | M37: 49.988 | N37: 49.989 | O37: 49.991 | P37: 0.438 | Q37: =+VLOOKUP($C37,Pagina!$C:$Q,10,0) -> 233.8 | R37: =+VLOOKUP($C37,Pagina!$C:$Q,11,0) -> 95.07 | S37: =+VLOOKUP($C37,Pagina!$C:$Q,12,0) -> 50 | T37: =+VLOOKUP($C37,Pagina!$C:$Q,13,0) -> 0,000000 | U37: =+VLOOKUP($C37,Pagina!$C:$Q,14,0) -> 0,000000 | V37: =+VLOOKUP($C37,Pagina!$C:$Q,15,0) -> 0,000000 | W37: =+Q37-E37 -> 0.977 | X37: =+ABS(W37) -> 0.977 | Y37: =+W37*W37 -> 0.954529 | Z37: =+(W37/E37)*100 -> 0.41963208
A38: =+INT(D38) -> 46211 | B38: =+MOD(D38,1) -> 0.78227075 | C38: 46211.782 | D38: 46211.782 | E38: 232.095 | F38: 232.685 | G38: 232.685 | H38: 232.905 | I38: 0.35 | J38: 0.37 | K38: 0.37 | L38: 0.39 | M38: 49.993 | N38: 49.998 | O38: 50.004 | P38: 0.439 | Q38: =+VLOOKUP($C38,Pagina!$C:$Q,10,0) -> 233.8 | R38: =+VLOOKUP($C38,Pagina!$C:$Q,11,0) -> 95.07 | S38: =+VLOOKUP($C38,Pagina!$C:$Q,12,0) -> 49.9 | T38: =+VLOOKUP($C38,Pagina!$C:$Q,13,0) -> 0,000000 | U38: =+VLOOKUP($C38,Pagina!$C:$Q,14,0) -> 0,000000 | V38: =+VLOOKUP($C38,Pagina!$C:$Q,15,0) -> 0,000000 | W38: =+Q38-E38 -> 1.705 | X38: =+ABS(W38) -> 1.705 | Y38: =+W38*W38 -> 2.907025 | Z38: =+(W38/E38)*100 -> 0.73461298
A39: =+INT(D39) -> 46211 | B39: =+MOD(D39,1) -> 0.78228233 | C39: 46211.782 | D39: 46211.782 | E39: 232.654 | F39: 232.695 | G39: 232.695 | H39: 232.769 | I39: 0.38 | J39: 0.39 | K39: 0.39 | L39: 0.39 | M39: 50.003 | N39: 50.005 | O39: 50.009 | P39: 0.443 | Q39: =+VLOOKUP($C39,Pagina!$C:$Q,10,0) -> 233.8 | R39: =+VLOOKUP($C39,Pagina!$C:$Q,11,0) -> 95.07 | S39: =+VLOOKUP($C39,Pagina!$C:$Q,12,0) -> 50 | T39: =+VLOOKUP($C39,Pagina!$C:$Q,13,0) -> 0,030000 | U39: =+VLOOKUP($C39,Pagina!$C:$Q,14,0) -> 0,136000 | V39: =+VLOOKUP($C39,Pagina!$C:$Q,15,0) -> 0,001100 | W39: =+Q39-E39 -> 1.146 | X39: =+ABS(W39) -> 1.146 | Y39: =+W39*W39 -> 1.313316 | Z39: =+(W39/E39)*100 -> 0.49257696
A40: =+INT(D40) -> 46211 | B40: =+MOD(D40,1) -> 0.7822939 | C40: 46211.782 | D40: 46211.782 | E40: 232.648 | F40: 232.668 | G40: 232.668 | H40: 232.696 | I40: 0.39 | J40: 0.39 | K40: 0.39 | L40: 0.4 | M40: 50.011 | N40: 50.014 | O40: 50.016 | P40: 0.442 | Q40: =+VLOOKUP($C40,Pagina!$C:$Q,10,0) -> 233.8 | R40: =+VLOOKUP($C40,Pagina!$C:$Q,11,0) -> 95.07 | S40: =+VLOOKUP($C40,Pagina!$C:$Q,12,0) -> 49.9 | T40: =+VLOOKUP($C40,Pagina!$C:$Q,13,0) -> 0,240000 | U40: =+VLOOKUP($C40,Pagina!$C:$Q,14,0) -> 0,172000 | V40: =+VLOOKUP($C40,Pagina!$C:$Q,15,0) -> 0,009600 | W40: =+Q40-E40 -> 1.152 | X40: =+ABS(W40) -> 1.152 | Y40: =+W40*W40 -> 1.327104 | Z40: =+(W40/E40)*100 -> 0.49516867
A41: =+INT(D41) -> 46211 | B41: =+MOD(D41,1) -> 0.78230546 | C41: 46211.782 | D41: 46211.782 | E41: 232.69 | F41: 232.765 | G41: 232.765 | H41: 232.823 | I41: 0.35 | J41: 0.38 | K41: 0.38 | L41: 0.4 | M41: 50.019 | N41: 50.025 | O41: 50.03 | P41: 0.441 | Q41: =+VLOOKUP($C41,Pagina!$C:$Q,10,0) -> 233.8 | R41: =+VLOOKUP($C41,Pagina!$C:$Q,11,0) -> 95.07 | S41: =+VLOOKUP($C41,Pagina!$C:$Q,12,0) -> 50 | T41: =+VLOOKUP($C41,Pagina!$C:$Q,13,0) -> 0,400000 | U41: =+VLOOKUP($C41,Pagina!$C:$Q,14,0) -> 0,287000 | V41: =+VLOOKUP($C41,Pagina!$C:$Q,15,0) -> 0,027000 | W41: =+Q41-E41 -> 1.11 | X41: =+ABS(W41) -> 1.11 | Y41: =+W41*W41 -> 1.2321 | Z41: =+(W41/E41)*100 -> 0.47702952
A42: =+INT(D42) -> 46211 | B42: =+MOD(D42,1) -> 0.78231704 | C42: 46211.782 | D42: 46211.782 | E42: 232.742 | F42: 232.8 | G42: 232.8 | H42: 232.858 | I42: 0.37 | J42: 0.38 | K42: 0.38 | L42: 0.39 | M42: 50.032 | N42: 50.035 | O42: 50.039 | P42: 0.437 | Q42: =+VLOOKUP($C42,Pagina!$C:$Q,10,0) -> 233.8 | R42: =+VLOOKUP($C42,Pagina!$C:$Q,11,0) -> 95.07 | S42: =+VLOOKUP($C42,Pagina!$C:$Q,12,0) -> 49.9 | T42: =+VLOOKUP($C42,Pagina!$C:$Q,13,0) -> 0,390000 | U42: =+VLOOKUP($C42,Pagina!$C:$Q,14,0) -> 0,266000 | V42: =+VLOOKUP($C42,Pagina!$C:$Q,15,0) -> 0,024200 | W42: =+Q42-E42 -> 1.058 | X42: =+ABS(W42) -> 1.058 | Y42: =+W42*W42 -> 1.119364 | Z42: =+(W42/E42)*100 -> 0.45458061
A43: =+INT(D43) -> 46211 | B43: =+MOD(D43,1) -> 0.7823286 | C43: 46211.782 | D43: 46211.782 | E43: 232.627 | F43: 232.669 | G43: 232.669 | H43: 232.724 | I43: 0.38 | J43: 0.39 | K43: 0.39 | L43: 0.4 | M43: 50.041 | N43: 50.044 | O43: 50.046 | P43: 0.441 | Q43: =+VLOOKUP($C43,Pagina!$C:$Q,10,0) -> 233.8 | R43: =+VLOOKUP($C43,Pagina!$C:$Q,11,0) -> 95.07 | S43: =+VLOOKUP($C43,Pagina!$C:$Q,12,0) -> 49.9 | T43: =+VLOOKUP($C43,Pagina!$C:$Q,13,0) -> 0,390000 | U43: =+VLOOKUP($C43,Pagina!$C:$Q,14,0) -> 0,266000 | V43: =+VLOOKUP($C43,Pagina!$C:$Q,15,0) -> 0,024200 | W43: =+Q43-E43 -> 1.173 | X43: =+ABS(W43) -> 1.173 | Y43: =+W43*W43 -> 1.375929 | Z43: =+(W43/E43)*100 -> 0.50424069
A44: =+INT(D44) -> 46211 | B44: =+MOD(D44,1) -> 0.78234016 | C44: 46211.782 | D44: 46211.782 | E44: 232.619 | F44: 232.643 | G44: 232.643 | H44: 232.707 | I44: 0.39 | J44: 0.39 | K44: 0.39 | L44: 0.39 | M44: 50.046 | N44: 50.049 | O44: 50.051 | P44: 0.444 | Q44: =+VLOOKUP($C44,Pagina!$C:$Q,10,0) -> 233.8 | R44: =+VLOOKUP($C44,Pagina!$C:$Q,11,0) -> 95.07 | S44: =+VLOOKUP($C44,Pagina!$C:$Q,12,0) -> 50 | T44: =+VLOOKUP($C44,Pagina!$C:$Q,13,0) -> 0,400000 | U44: =+VLOOKUP($C44,Pagina!$C:$Q,14,0) -> 0,314000 | V44: =+VLOOKUP($C44,Pagina!$C:$Q,15,0) -> 0,029400 | W44: =+Q44-E44 -> 1.181 | X44: =+ABS(W44) -> 1.181 | Y44: =+W44*W44 -> 1.394761 | Z44: =+(W44/E44)*100 -> 0.50769714
A45: =+INT(D45) -> 46211 | B45: =+MOD(D45,1) -> 0.78235172 | C45: 46211.782 | D45: 46211.782 | E45: 232.57 | F45: 232.61 | G45: 232.61 | H45: 232.664 | I45: 0.39 | J45: 0.4 | K45: 0.4 | L45: 0.41 | M45: 50.049 | N45: 50.051 | O45: 50.053 | P45: 0.591 | Q45: =+VLOOKUP($C45,Pagina!$C:$Q,10,0) -> 233.6 | R45: =+VLOOKUP($C45,Pagina!$C:$Q,11,0) -> 95.07 | S45: =+VLOOKUP($C45,Pagina!$C:$Q,12,0) -> 50 | T45: =+VLOOKUP($C45,Pagina!$C:$Q,13,0) -> 0,410000 | U45: =+VLOOKUP($C45,Pagina!$C:$Q,14,0) -> 0,344000 | V45: =+VLOOKUP($C45,Pagina!$C:$Q,15,0) -> 0,032800 | W45: =+Q45-E45 -> 1.03 | X45: =+ABS(W45) -> 1.03 | Y45: =+W45*W45 -> 1.0609 | Z45: =+(W45/E45)*100 -> 0.44287741
A46: =+INT(D46) -> 46211 | B46: =+MOD(D46,1) -> 0.78236329 | C46: 46211.782 | D46: 46211.782 | E46: 229.077 | F46: 230.999 | G46: 230.999 | H46: 232.715 | I46: 0.41 | J46: 7.69 | K46: 7.69 | L46: 12.06 | M46: 50.055 | N46: 50.056 | O46: 50.058 | P46: 0.68 | Q46: =+VLOOKUP($C46,Pagina!$C:$Q,10,0) -> 233.6 | R46: =+VLOOKUP($C46,Pagina!$C:$Q,11,0) -> 95.07 | S46: =+VLOOKUP($C46,Pagina!$C:$Q,12,0) -> 50 | T46: =+VLOOKUP($C46,Pagina!$C:$Q,13,0) -> 0,410000 | U46: =+VLOOKUP($C46,Pagina!$C:$Q,14,0) -> 0,362000 | V46: =+VLOOKUP($C46,Pagina!$C:$Q,15,0) -> 0,034700 | W46: =+Q46-E46 -> 4.523 | X46: =+ABS(W46) -> 4.523 | Y46: =+W46*W46 -> 20.457529 | Z46: =+(W46/E46)*100 -> 1.9744453
A47: =+INT(D47) -> 46211 | B47: =+MOD(D47,1) -> 0.78237485 | C47: 46211.782 | D47: 46211.782 | E47: 228.926 | F47: 228.996 | G47: 228.996 | H47: 229.135 | I47: 11.53 | J47: 12.02 | K47: 12.02 | L47: 12.28 | M47: 50.059 | N47: 50.06 | O47: 50.061 | P47: 0.996 | Q47: =+VLOOKUP($C47,Pagina!$C:$Q,10,0) -> 233.5 | R47: =+VLOOKUP($C47,Pagina!$C:$Q,11,0) -> 95.07 | S47: =+VLOOKUP($C47,Pagina!$C:$Q,12,0) -> 50 | T47: =+VLOOKUP($C47,Pagina!$C:$Q,13,0) -> 0,410000 | U47: =+VLOOKUP($C47,Pagina!$C:$Q,14,0) -> 0,368000 | V47: =+VLOOKUP($C47,Pagina!$C:$Q,15,0) -> 0,035600 | W47: =+Q47-E47 -> 4.574 | X47: =+ABS(W47) -> 4.574 | Y47: =+W47*W47 -> 20.921476 | Z47: =+(W47/E47)*100 -> 1.9980256
... A91: =+INT(D91) -> 46211 | B91: =+MOD(D91,1) -> 0.78288407 | C91: 46211.783 | D91: 46211.783 | E91: 230.124 | F91: 231.66 | G91: 231.66 | H91: 232.687 | I91: 0.04 | J91: 5.38 | K91: 8.5 | L91: 8.53 | M91: 49.996 | N91: 49.998 | O91: 50.001 | P91: 0.989 | Q91: =+VLOOKUP($C91,Pagina!$C:$Q,10,0) -> 231.1 | R91: =+VLOOKUP($C91,Pagina!$C:$Q,11,0) -> 95.091003 | S91: =+VLOOKUP($C91,Pagina!$C:$Q,12,0) -> 50 | T91: =+VLOOKUP($C91,Pagina!$C:$Q,13,0) -> 0,990000 | U91: =+VLOOKUP($C91,Pagina!$C:$Q,14,0) -> 8168000 | V91: =+VLOOKUP($C91,Pagina!$C:$Q,15,0) -> 1869300 | W91: =+Q91-E91 -> 0.976 | X91: =+ABS(W91) -> 0.976 | Y91: =+W91*W91 -> 0.952576 | Z91: =+(W91/E91)*100 -> 0.42411917
A92: =+INT(D92) -> 46211 | B92: =+MOD(D92,1) -> 0.78289565 | C92: 46211.783 | D92: 46211.783 | E92: 232.616 | F92: 232.678 | G92: 232.678 | H92: 232.731 | I92: 0.02 | J92: 0.04 | K92: --- | L92: 0.07 | M92: 49.992 | N92: 49.993 | O92: 49.994 | P92: --- | Q92: =+VLOOKUP($C92,Pagina!$C:$Q,10,0) -> 231.1 | R92: =+VLOOKUP($C92,Pagina!$C:$Q,11,0) -> 95.092003 | S92: =+VLOOKUP($C92,Pagina!$C:$Q,12,0) -> 50 | T92: =+VLOOKUP($C92,Pagina!$C:$Q,13,0) -> 0,990000 | U92: =+VLOOKUP($C92,Pagina!$C:$Q,14,0) -> 8167000 | V92: =+VLOOKUP($C92,Pagina!$C:$Q,15,0) -> 1868900 | W92: =+Q92-E92 -> -1.516 | X92: =+ABS(W92) -> 1.516 | Y92: =+W92*W92 -> 2.298256 | Z92: =+(W92/E92)*100 -> -0.65171785
A93: =+INT(D93) -> 46211 | B93: =+MOD(D93,1) -> 0.78290722 | C93: 46211.783 | D93: 46211.783 | E93: 232.749 | F93: 232.766 | G93: 232.766 | H93: 232.795 | I93: 0.02 | J93: 0.05 | K93: --- | L93: 0.06 | M93: 49.988 | N93: 49.99 | O93: 49.991 | P93: --- | Q93: =+VLOOKUP($C93,Pagina!$C:$Q,10,0) -> 231.1 | R93: =+VLOOKUP($C93,Pagina!$C:$Q,11,0) -> 95.092003 | S93: =+VLOOKUP($C93,Pagina!$C:$Q,12,0) -> 50 | T93: =+VLOOKUP($C93,Pagina!$C:$Q,13,0) -> 0,990000 | U93: =+VLOOKUP($C93,Pagina!$C:$Q,14,0) -> 8167000 | V93: =+VLOOKUP($C93,Pagina!$C:$Q,15,0) -> 1868900 | W93: =+Q93-E93 -> -1.649 | X93: =+ABS(W93) -> 1.649 | Y93: =+W93*W93 -> 2.719201 | Z93: =+(W93/E93)*100 -> -0.70848854
A94: =+INT(D94) -> 46211 | B94: =+MOD(D94,1) -> 0.78291881 | C94: 46211.783 | D94: 46211.783 | E94: 232.72 | F94: 232.748 | G94: 232.748 | H94: 232.777 | I94: 0.02 | J94: 0.02 | K94: --- | L94: 0.02 | M94: 49.983 | N94: 49.985 | O94: 49.987 | P94: --- | Q94: =+VLOOKUP($C94,Pagina!$C:$Q,10,0) -> 231 | R94: =+VLOOKUP($C94,Pagina!$C:$Q,11,0) -> 95.093002 | S94: =+VLOOKUP($C94,Pagina!$C:$Q,12,0) -> 50 | T94: =+VLOOKUP($C94,Pagina!$C:$Q,13,0) -> 0,990000 | U94: =+VLOOKUP($C94,Pagina!$C:$Q,14,0) -> 8167000 | V94: =+VLOOKUP($C94,Pagina!$C:$Q,15,0) -> 1868100 | W94: =+Q94-E94 -> -1.72 | X94: =+ABS(W94) -> 1.72 | Y94: =+W94*W94 -> 2.9584 | Z94: =+(W94/E94)*100 -> -0.7390856
A95: =+INT(D95) -> 46211 | B95: =+MOD(D95,1) -> 0.78293038 | C95: 46211.783 | D95: 46211.783 | E95: 232.772 | F95: 232.785 | G95: 232.785 | H95: 232.809 | I95: 0.02 | J95: 0.03 | K95: --- | L95: 0.04 | M95: 49.976 | N95: 49.979 | O95: 49.981 | P95: --- | Q95: =+VLOOKUP($C95,Pagina!$C:$Q,10,0) -> 230.9 | R95: =+VLOOKUP($C95,Pagina!$C:$Q,11,0) -> 95.093002 | S95: =+VLOOKUP($C95,Pagina!$C:$Q,12,0) -> 50 | T95: =+VLOOKUP($C95,Pagina!$C:$Q,13,0) -> 0,990000 | U95: =+VLOOKUP($C95,Pagina!$C:$Q,14,0) -> 8168000 | V95: =+VLOOKUP($C95,Pagina!$C:$Q,15,0) -> 1868000 | W95: =+Q95-E95 -> -1.872 | X95: =+ABS(W95) -> 1.872 | Y95: =+W95*W95 -> 3.504384 | Z95: =+(W95/E95)*100 -> -0.80422044
A96: =+INT(D96) -> 46211 | B96: =+MOD(D96,1) -> 0.78294196 | C96: 46211.783 | D96: 46211.783 | E96: 232.783 | F96: 232.816 | G96: 232.816 | H96: 232.833 | I96: 0.02 | J96: 0.04 | K96: --- | L96: 0.07 | M96: 49.974 | N96: 49.975 | O96: 49.976 | P96: --- | Q96: =+VLOOKUP($C96,Pagina!$C:$Q,10,0) -> 231 | R96: =+VLOOKUP($C96,Pagina!$C:$Q,11,0) -> 95.094002 | S96: =+VLOOKUP($C96,Pagina!$C:$Q,12,0) -> 50 | T96: =+VLOOKUP($C96,Pagina!$C:$Q,13,0) -> 0,990000 | U96: =+VLOOKUP($C96,Pagina!$C:$Q,14,0) -> 8169000 | V96: =+VLOOKUP($C96,Pagina!$C:$Q,15,0) -> 1868700 | W96: =+Q96-E96 -> -1.783 | X96: =+ABS(W96) -> 1.783 | Y96: =+W96*W96 -> 3.179089 | Z96: =+(W96/E96)*100 -> -0.7659494
A97: =+INT(D97) -> 46211 | B97: =+MOD(D97,1) -> 0.78295354 | C97: 46211.783 | D97: 46211.783 | E97: 232.786 | F97: 232.82 | G97: 232.82 | H97: 232.843 | I97: 0.02 | J97: 0.04 | K97: --- | L97: 0.07 | M97: 49.971 | N97: 49.973 | O97: 49.974 | P97: --- | Q97: =+VLOOKUP($C97,Pagina!$C:$Q,10,0) -> 231 | R97: =+VLOOKUP($C97,Pagina!$C:$Q,11,0) -> 95.094002 | S97: =+VLOOKUP($C97,Pagina!$C:$Q,12,0) -> 50 | T97: =+VLOOKUP($C97,Pagina!$C:$Q,13,0) -> 0,990000 | U97: =+VLOOKUP($C97,Pagina!$C:$Q,14,0) -> 8165000 | V97: =+VLOOKUP($C97,Pagina!$C:$Q,15,0) -> 1867700 | W97: =+Q97-E97 -> -1.786 | X97: =+ABS(W97) -> 1.786 | Y97: =+W97*W97 -> 3.189796 | Z97: =+(W97/E97)*100 -> -0.76722827
A98: =+INT(D98) -> 46211 | B98: =+MOD(D98,1) -> 0.78296513 | C98: 46211.783 | D98: 46211.783 | E98: 232.743 | F98: 232.777 | G98: 232.777 | H98: 232.796 | I98: 0.02 | J98: 0.03 | K98: --- | L98: 0.03 | M98: 49.967 | N98: 49.969 | O98: 49.971 | P98: --- | Q98: =+VLOOKUP($C98,Pagina!$C:$Q,10,0) -> 231 | R98: =+VLOOKUP($C98,Pagina!$C:$Q,11,0) -> 95.094002 | S98: =+VLOOKUP($C98,Pagina!$C:$Q,12,0) -> 50 | T98: =+VLOOKUP($C98,Pagina!$C:$Q,13,0) -> 0,990000 | U98: =+VLOOKUP($C98,Pagina!$C:$Q,14,0) -> 8165000 | V98: =+VLOOKUP($C98,Pagina!$C:$Q,15,0) -> 1867700 | W98: =+Q98-E98 -> -1.743 | X98: =+ABS(W98) -> 1.743 | Y98: =+W98*W98 -> 3.038049 | Z98: =+(W98/E98)*100 -> -0.7488947
A99: =+INT(D99) -> 46211 | B99: =+MOD(D99,1) -> 0.7829767 | C99: 46211.783 | D99: 46211.783 | E99: 232.71 | F99: 232.733 | G99: 232.733 | H99: 232.759 | I99: 0.02 | J99: 0.05 | K99: --- | L99: 0.06 | M99: 49.963 | N99: 49.965 | O99: 49.967 | P99: --- | Q99: =+VLOOKUP($C99,Pagina!$C:$Q,10,0) -> 233.5 | R99: =+VLOOKUP($C99,Pagina!$C:$Q,11,0) -> 95.094002 | S99: =+VLOOKUP($C99,Pagina!$C:$Q,12,0) -> 50 | T99: =+VLOOKUP($C99,Pagina!$C:$Q,13,0) -> 1 | U99: =+VLOOKUP($C99,Pagina!$C:$Q,14,0) -> 0,239000 | V99: =+VLOOKUP($C99,Pagina!$C:$Q,15,0) -> 0,092500 | W99: =+Q99-E99 -> 0.79 | X99: =+ABS(W99) -> 0.79 | Y99: =+W99*W99 -> 0.6241 | Z99: =+(W99/E99)*100 -> 0.33947832
A100: =+INT(D100) -> 46211 | B100: =+MOD(D100,1) -> 0.78298829 | C100: 46211.783 | D100: 46211.783 | E100: 232.689 | F100: 232.7 | G100: 232.7 | H100: 232.712 | I100: 0.02 | J100: 0.05 | K100: --- | L100: 0.07 | M100: 49.959 | N100: 49.96 | O100: 49.962 | P100: --- | Q100: =+VLOOKUP($C100,Pagina!$C:$Q,10,0) -> 233.6 | R100: =+VLOOKUP($C100,Pagina!$C:$Q,11,0) -> 95.094002 | S100: =+VLOOKUP($C100,Pagina!$C:$Q,12,0) -> 49.9 | T100: =+VLOOKUP($C100,Pagina!$C:$Q,13,0) -> 0,000000 | U100: =+VLOOKUP($C100,Pagina!$C:$Q,14,0) -> 0,000000 | V100: =+VLOOKUP($C100,Pagina!$C:$Q,15,0) -> 0,000000 | W100: =+Q100-E100 -> 0.911 | X100: =+ABS(W100) -> 0.911 | Y100: =+W100*W100 -> 0.829921 | Z100: =+(W100/E100)*100 -> 0.3915097
A101: =+INT(D101) -> 46211 | B101: =+MOD(D101,1) -> 0.78299987 | C101: 46211.783 | D101: 46211.783 | E101: 232.72 | F101: 232.74 | G101: 232.74 | H101: 232.758 | I101: 0.04 | J101: 0.06 | K101: --- | L101: 0.09 | M101: 49.958 | N101: 49.959 | O101: 49.959 | P101: --- | Q101: =+VLOOKUP($C101,Pagina!$C:$Q,10,0) -> 233.6 | R101: =+VLOOKUP($C101,Pagina!$C:$Q,11,0) -> 95.094002 | S101: =+VLOOKUP($C101,Pagina!$C:$Q,12,0) -> 49.9 | T101: =+VLOOKUP($C101,Pagina!$C:$Q,13,0) -> 0,000000 | U101: =+VLOOKUP($C101,Pagina!$C:$Q,14,0) -> 0,000000 | V101: =+VLOOKUP($C101,Pagina!$C:$Q,15,0) -> 0,000000 | W101: =+Q101-E101 -> 0.88 | X101: =+ABS(W101) -> 0.88 | Y101: =+W101*W101 -> 0.7744 | Z101: =+(W101/E101)*100 -> 0.37813682
A102: =+INT(D102) -> 46211 | B102: =+MOD(D102,1) -> 0.78301146 | C102: 46211.783 | D102: 46211.783 | E102: 232.742 | F102: 232.82 | G102: 232.82 | H102: 232.875 | I102: 0.04 | J102: 0.07 | K102: --- | L102: 0.1 | M102: 49.959 | N102: 49.96 | O102: 49.962 | P102: --- | Q102: =+VLOOKUP($C102,Pagina!$C:$Q,10,0) -> 233.6 | R102: =+VLOOKUP($C102,Pagina!$C:$Q,11,0) -> 95.094002 | S102: =+VLOOKUP($C102,Pagina!$C:$Q,12,0) -> 49.9 | T102: =+VLOOKUP($C102,Pagina!$C:$Q,13,0) -> 0,000000 | U102: =+VLOOKUP($C102,Pagina!$C:$Q,14,0) -> 0,000000 | V102: =+VLOOKUP($C102,Pagina!$C:$Q,15,0) -> 0,000000 | W102: =+Q102-E102 -> 0.858 | X102: =+ABS(W102) -> 0.858 | Y102: =+W102*W102 -> 0.736164 | Z102: =+(W102/E102)*100 -> 0.36864855
A103: =+INT(D103) -> 46211 | B103: =+MOD(D103,1) -> 0.78302303 | C103: 46211.783 | D103: 46211.783 | E103: 232.811 | F103: 232.83 | G103: 232.83 | H103: 232.842 | I103: 0.03 | J103: 0.06 | K103: --- | L103: 0.11 | M103: 49.962 | N103: 49.963 | O103: 49.964 | P103: --- | Q103: =+VLOOKUP($C103,Pagina!$C:$Q,10,0) -> 233.7 | R103: =+VLOOKUP($C103,Pagina!$C:$Q,11,0) -> 95.094002 | S103: =+VLOOKUP($C103,Pagina!$C:$Q,12,0) -> 49.9 | T103: =+VLOOKUP($C103,Pagina!$C:$Q,13,0) -> 0,000000 | U103: =+VLOOKUP($C103,Pagina!$C:$Q,14,0) -> 0,000000 | V103: =+VLOOKUP($C103,Pagina!$C:$Q,15,0) -> 0,000000 | W103: =+Q103-E103 -> 0.889 | X103: =+ABS(W103) -> 0.889 | Y103: =+W103*W103 -> 0.790321 | Z103: =+(W103/E103)*100 -> 0.38185481
... A109: =+INT(D109) -> 46211 | B109: =+MOD(D109,1) -> 0.78309252 | C109: 46211.783 | D109: 46211.783 | E109: 232.793 | F109: 232.798 | G109: 232.798 | H109: 232.811 | I109: 0.02 | J109: 0.03 | K109: --- | L109: 0.04 | M109: 49.969 | N109: 49.969 | O109: 49.97 | P109: --- | Q109: =+VLOOKUP($C109,Pagina!$C:$Q,10,0) -> 233.6 | R109: =+VLOOKUP($C109,Pagina!$C:$Q,11,0) -> 95.094002 | S109: =+VLOOKUP($C109,Pagina!$C:$Q,12,0) -> 49.9 | T109: =+VLOOKUP($C109,Pagina!$C:$Q,13,0) -> 0,000000 | U109: =+VLOOKUP($C109,Pagina!$C:$Q,14,0) -> 0,000000 | V109: =+VLOOKUP($C109,Pagina!$C:$Q,15,0) -> 0,000000 | W109: =+Q109-E109 -> 0.807 | X109: =+ABS(W109) -> 0.807 | Y109: =+W109*W109 -> 0.651249 | Z109: =+(W109/E109)*100 -> 0.34665991
A110: =+INT(D110) -> 46211 | B110: =+MOD(D110,1) -> 0.78310411 | C110: 46211.783 | D110: 46211.783 | E110: 232.763 | F110: 232.833 | G110: 232.833 | H110: 232.914 | I110: 0.14 | J110: 0.58 | K110: 1.27 | L110: 1.27 | M110: 49.97 | N110: 49.971 | O110: 49.971 | P110: --- | Q110: =+VLOOKUP($C110,Pagina!$C:$Q,10,0) -> 233.7 | R110: =+VLOOKUP($C110,Pagina!$C:$Q,11,0) -> 95.094002 | S110: =+VLOOKUP($C110,Pagina!$C:$Q,12,0) -> 49.9 | T110: =+VLOOKUP($C110,Pagina!$C:$Q,13,0) -> 0,000000 | U110: =+VLOOKUP($C110,Pagina!$C:$Q,14,0) -> 0,000000 | V110: =+VLOOKUP($C110,Pagina!$C:$Q,15,0) -> 0,000000 | W110: =+Q110-E110 -> 0.937 | X110: =+ABS(W110) -> 0.937 | Y110: =+W110*W110 -> 0.877969 | Z110: =+(W110/E110)*100 -> 0.40255539
A111: =+INT(D111) -> 46211 | B111: =+MOD(D111,1) -> 0.78311568 | C111: 46211.783 | D111: 46211.783 | E111: 232.833 | F111: 232.875 | G111: 232.875 | H111: 232.917 | I111: 0.14 | J111: 0.23 | K111: 0.24 | L111: 0.34 | M111: 49.969 | N111: 49.97 | O111: 49.971 | P111: --- | Q111: =+VLOOKUP($C111,Pagina!$C:$Q,10,0) -> 233.7 | R111: =+VLOOKUP($C111,Pagina!$C:$Q,11,0) -> 95.094002 | S111: =+VLOOKUP($C111,Pagina!$C:$Q,12,0) -> 49.9 | T111: =+VLOOKUP($C111,Pagina!$C:$Q,13,0) -> 0,000000 | U111: =+VLOOKUP($C111,Pagina!$C:$Q,14,0) -> 0,000000 | V111: =+VLOOKUP($C111,Pagina!$C:$Q,15,0) -> 0,000000 | W111: =+Q111-E111 -> 0.867 | X111: =+ABS(W111) -> 0.867 | Y111: =+W111*W111 -> 0.751689 | Z111: =+(W111/E111)*100 -> 0.3723699
A112: =+INT(D112) -> 46211 | B112: =+MOD(D112,1) -> 0.78312727 | C112: 46211.783 | D112: 46211.783 | E112: 232.751 | F112: 232.771 | G112: 232.771 | H112: 232.79 | I112: 0.21 | J112: 0.23 | K112: 0.23 | L112: 0.25 | M112: 49.967 | N112: 49.968 | O112: 49.968 | P112: --- | Q112: =+VLOOKUP($C112,Pagina!$C:$Q,10,0) -> 233.6 | R112: =+VLOOKUP($C112,Pagina!$C:$Q,11,0) -> 95.094002 | S112: =+VLOOKUP($C112,Pagina!$C:$Q,12,0) -> 49.9 | T112: =+VLOOKUP($C112,Pagina!$C:$Q,13,0) -> 0,000000 | U112: =+VLOOKUP($C112,Pagina!$C:$Q,14,0) -> 0,000000 | V112: =+VLOOKUP($C112,Pagina!$C:$Q,15,0) -> 0,000000 | W112: =+Q112-E112 -> 0.849 | X112: =+ABS(W112) -> 0.849 | Y112: =+W112*W112 -> 0.720801 | Z112: =+(W112/E112)*100 -> 0.3647675
A113: =+INT(D113) -> 46211 | B113: =+MOD(D113,1) -> 0.78313885 | C113: 46211.783 | D113: 46211.783 | E113: 232.756 | F113: 232.764 | G113: 232.764 | H113: 232.778 | I113: 0.25 | J113: 0.29 | K113: 0.29 | L113: 0.31 | M113: 49.965 | N113: 49.966 | O113: 49.968 | P113: 0.697 | Q113: =+VLOOKUP($C113,Pagina!$C:$Q,10,0) -> 233.6 | R113: =+VLOOKUP($C113,Pagina!$C:$Q,11,0) -> 95.094002 | S113: =+VLOOKUP($C113,Pagina!$C:$Q,12,0) -> 49.9 | T113: =+VLOOKUP($C113,Pagina!$C:$Q,13,0) -> 0,000000 | U113: =+VLOOKUP($C113,Pagina!$C:$Q,14,0) -> 0,000000 | V113: =+VLOOKUP($C113,Pagina!$C:$Q,15,0) -> 0,000000 | W113: =+Q113-E113 -> 0.844 | X113: =+ABS(W113) -> 0.844 | Y113: =+W113*W113 -> 0.712336 | Z113: =+(W113/E113)*100 -> 0.36261149
A114: =+INT(D114) -> 46211 | B114: =+MOD(D114,1) -> 0.78315043 | C114: 46211.783 | D114: 46211.783 | E114: 231.152 | F114: 232.268 | G114: 232.268 | H114: 232.831 | I114: 0.3 | J114: 3.29 | K114: 3.29 | L114: 5.79 | M114: 49.962 | N114: 49.964 | O114: 49.966 | P114: 0.744 | Q114: =+VLOOKUP($C114,Pagina!$C:$Q,10,0) -> 233.5 | R114: =+VLOOKUP($C114,Pagina!$C:$Q,11,0) -> 95.094002 | S114: =+VLOOKUP($C114,Pagina!$C:$Q,12,0) -> 49.9 | T114: =+VLOOKUP($C114,Pagina!$C:$Q,13,0) -> 0,000000 | U114: =+VLOOKUP($C114,Pagina!$C:$Q,14,0) -> 0,000000 | V114: =+VLOOKUP($C114,Pagina!$C:$Q,15,0) -> 0,000000 | W114: =+Q114-E114 -> 2.348 | X114: =+ABS(W114) -> 2.348 | Y114: =+W114*W114 -> 5.513104 | Z114: =+(W114/E114)*100 -> 1.0157818
A115: =+INT(D115) -> 46211 | B115: =+MOD(D115,1) -> 0.78316201 | C115: 46211.783 | D115: 46211.783 | E115: 229.18 | F115: 229.321 | G115: 229.321 | H115: 229.776 | I115: 10.65 | J115: 11.82 | K115: 11.82 | L115: 12.17 | M115: 49.963 | N115: 49.964 | O115: 49.965 | P115: 0.986 | Q115: =+VLOOKUP($C115,Pagina!$C:$Q,10,0) -> 233.7 | R115: =+VLOOKUP($C115,Pagina!$C:$Q,11,0) -> 95.094002 | S115: =+VLOOKUP($C115,Pagina!$C:$Q,12,0) -> 49.9 | T115: =+VLOOKUP($C115,Pagina!$C:$Q,13,0) -> 0,000000 | U115: =+VLOOKUP($C115,Pagina!$C:$Q,14,0) -> 0,000000 | V115: =+VLOOKUP($C115,Pagina!$C:$Q,15,0) -> 0,000000 | W115: =+Q115-E115 -> 4.52 | X115: =+ABS(W115) -> 4.52 | Y115: =+W115*W115 -> 20.4304 | Z115: =+(W115/E115)*100 -> 1.9722489
A116: =+INT(D116) -> 46211 | B116: =+MOD(D116,1) -> 0.7831736 | C116: 46211.783 | D116: 46211.783 | E116: 229.238 | F116: 229.429 | G116: 229.429 | H116: 229.599 | I116: 10.63 | J116: 11.24 | K116: 11.24 | L116: 11.86 | M116: 49.965 | N116: 49.965 | O116: 49.965 | P116: 0.995 | Q116: =+VLOOKUP($C116,Pagina!$C:$Q,10,0) -> 233.7 | R116: =+VLOOKUP($C116,Pagina!$C:$Q,11,0) -> 95.094002 | S116: =+VLOOKUP($C116,Pagina!$C:$Q,12,0) -> 49.9 | T116: =+VLOOKUP($C116,Pagina!$C:$Q,13,0) -> 0,000000 | U116: =+VLOOKUP($C116,Pagina!$C:$Q,14,0) -> 0,000000 | V116: =+VLOOKUP($C116,Pagina!$C:$Q,15,0) -> 0,000000 | W116: =+Q116-E116 -> 4.462 | X116: =+ABS(W116) -> 4.462 | Y116: =+W116*W116 -> 19.909444 | Z116: =+(W116/E116)*100 -> 1.9464487
A117: =+INT(D117) -> 46211 | B117: =+MOD(D117,1) -> 0.78318286 | C117: 46211.783 | D117: 46211.783 | E117: 229.656 | F117: 229.723 | G117: 229.723 | H117: 229.789 | I117: 10.03 | J117: 10.22 | K117: 10.22 | L117: 10.43 | M117: 49.966 | N117: 49.966 | O117: 49.966 | P117: 0.994 | Q117: =+VLOOKUP($C117,Pagina!$C:$Q,10,0) -> 233.7 | R117: =+VLOOKUP($C117,Pagina!$C:$Q,11,0) -> 95.094002 | S117: =+VLOOKUP($C117,Pagina!$C:$Q,12,0) -> 50 | T117: =+VLOOKUP($C117,Pagina!$C:$Q,13,0) -> 0,160000 | U117: =+VLOOKUP($C117,Pagina!$C:$Q,14,0) -> 0,110000 | V117: =+VLOOKUP($C117,Pagina!$C:$Q,15,0) -> 0,004100 | W117: =+Q117-E117 -> 4.044 | X117: =+ABS(W117) -> 4.044 | Y117: =+W117*W117 -> 16.353936 | Z117: =+(W117/E117)*100 -> 1.7608946
A118: =+INT(D118) -> 46211 | B118: =+MOD(D118,1) -> 0.78319444 | C118: 46211.783 | D118: 46211.783 | E118: 229.823 | F118: 229.865 | G118: 229.865 | H118: 229.912 | I118: 9.64 | J118: 9.78 | K118: 9.78 | L118: 9.93 | M118: 49.966 | N118: 49.967 | O118: 49.968 | P118: 0.993 | Q118: =+VLOOKUP($C118,Pagina!$C:$Q,10,0) -> 233.7 | R118: =+VLOOKUP($C118,Pagina!$C:$Q,11,0) -> 95.094002 | S118: =+VLOOKUP($C118,Pagina!$C:$Q,12,0) -> 49.9 | T118: =+VLOOKUP($C118,Pagina!$C:$Q,13,0) -> 0,230000 | U118: =+VLOOKUP($C118,Pagina!$C:$Q,14,0) -> 0,170000 | V118: =+VLOOKUP($C118,Pagina!$C:$Q,15,0) -> 0,009200 | W118: =+Q118-E118 -> 3.877 | X118: =+ABS(W118) -> 3.877 | Y118: =+W118*W118 -> 15.031129 | Z118: =+(W118/E118)*100 -> 1.6869504
A119: =+INT(D119) -> 46211 | B119: =+MOD(D119,1) -> 0.78320603 | C119: 46211.783 | D119: 46211.783 | E119: 229.91 | F119: 229.947 | G119: 229.947 | H119: 230.008 | I119: 9.4 | J119: 9.49 | K119: 9.49 | L119: 9.58 | M119: 49.969 | N119: 49.969 | O119: 49.971 | P119: 0.993 | Q119: =+VLOOKUP($C119,Pagina!$C:$Q,10,0) -> 233.6 | R119: =+VLOOKUP($C119,Pagina!$C:$Q,11,0) -> 95.094002 | S119: =+VLOOKUP($C119,Pagina!$C:$Q,12,0) -> 49.9 | T119: =+VLOOKUP($C119,Pagina!$C:$Q,13,0) -> 0,390000 | U119: =+VLOOKUP($C119,Pagina!$C:$Q,14,0) -> 0,205000 | V119: =+VLOOKUP($C119,Pagina!$C:$Q,15,0) -> 0,018500 | W119: =+Q119-E119 -> 3.69 | X119: =+ABS(W119) -> 3.69 | Y119: =+W119*W119 -> 13.6161 | Z119: =+(W119/E119)*100 -> 1.6049759
A120: =+INT(D120) -> 46211 | B120: =+MOD(D120,1) -> 0.7832176 | C120: 46211.783 | D120: 46211.783 | E120: 230.017 | F120: 230.06 | G120: 230.06 | H120: 230.116 | I120: 9.21 | J120: 9.28 | K120: 9.28 | L120: 9.36 | M120: 49.971 | N120: 49.972 | O120: 49.972 | P120: 0.992 | Q120: =+VLOOKUP($C120,Pagina!$C:$Q,10,0) -> 233.6 | R120: =+VLOOKUP($C120,Pagina!$C:$Q,11,0) -> 95.094002 | S120: =+VLOOKUP($C120,Pagina!$C:$Q,12,0) -> 49.9 | T120: =+VLOOKUP($C120,Pagina!$C:$Q,13,0) -> 0,390000 | U120: =+VLOOKUP($C120,Pagina!$C:$Q,14,0) -> 0,205000 | V120: =+VLOOKUP($C120,Pagina!$C:$Q,15,0) -> 0,018500 | W120: =+Q120-E120 -> 3.583 | X120: =+ABS(W120) -> 3.583 | Y120: =+W120*W120 -> 12.837889 | Z120: =+(W120/E120)*100 -> 1.557711
A121: =+INT(D121) -> 46211 | B121: =+MOD(D121,1) -> 0.78322919 | C121: 46211.783 | D121: 46211.783 | E121: 230.119 | F121: 230.182 | G121: 230.182 | H121: 230.22 | I121: 9.09 | J121: 9.13 | K121: 9.13 | L121: 9.17 | M121: 49.973 | N121: 49.974 | O121: 49.976 | P121: 0.992 | Q121: =+VLOOKUP($C121,Pagina!$C:$Q,10,0) -> 233.6 | R121: =+VLOOKUP($C121,Pagina!$C:$Q,11,0) -> 95.095001 | S121: =+VLOOKUP($C121,Pagina!$C:$Q,12,0) -> 49.9 | T121: =+VLOOKUP($C121,Pagina!$C:$Q,13,0) -> 0,670000 | U121: =+VLOOKUP($C121,Pagina!$C:$Q,14,0) -> 0,269000 | V121: =+VLOOKUP($C121,Pagina!$C:$Q,15,0) -> 0,042100 | W121: =+Q121-E121 -> 3.481 | X121: =+ABS(W121) -> 3.481 | Y121: =+W121*W121 -> 12.117361 | Z121: =+(W121/E121)*100 -> 1.5126956
A122: =+INT(D122) -> 46211 | B122: =+MOD(D122,1) -> 0.78324076 | C122: 46211.783 | D122: 46211.783 | E122: 229.987 | F122: 230.058 | G122: 230.058 | H122: 230.091 | I122: 8.98 | J122: 9.02 | K122: 9.02 | L122: 9.05 | M122: 49.975 | N122: 49.976 | O122: 49.976 | P122: 0.992 | Q122: =+VLOOKUP($C122,Pagina!$C:$Q,10,0) -> 231.4 | R122: =+VLOOKUP($C122,Pagina!$C:$Q,11,0) -> 95.095001 | S122: =+VLOOKUP($C122,Pagina!$C:$Q,12,0) -> 50 | T122: =+VLOOKUP($C122,Pagina!$C:$Q,13,0) -> 0,940000 | U122: =+VLOOKUP($C122,Pagina!$C:$Q,14,0) -> 7326000 | V122: =+VLOOKUP($C122,Pagina!$C:$Q,15,0) -> 1601100 | W122: =+Q122-E122 -> 1.413 | X122: =+ABS(W122) -> 1.413 | Y122: =+W122*W122 -> 1.996569 | Z122: =+(W122/E122)*100 -> 0.61438255
A123: =+INT(D123) -> 46211 | B123: =+MOD(D123,1) -> 0.78325235 | C123: 46211.783 | D123: 46211.783 | E123: 229.906 | F123: 229.929 | G123: 229.929 | H123: 229.969 | I123: 8.91 | J123: 8.94 | K123: 8.94 | L123: 8.97 | M123: 49.974 | N123: 49.975 | O123: 49.976 | P123: 0.992 | Q123: =+VLOOKUP($C123,Pagina!$C:$Q,10,0) -> 230.2 | R123: =+VLOOKUP($C123,Pagina!$C:$Q,11,0) -> 95.096001 | S123: =+VLOOKUP($C123,Pagina!$C:$Q,12,0) -> 50 | T123: =+VLOOKUP($C123,Pagina!$C:$Q,13,0) -> 1 | U123: =+VLOOKUP($C123,Pagina!$C:$Q,14,0) -> 10982000 | V123: =+VLOOKUP($C123,Pagina!$C:$Q,15,0) -> 2524800 | W123: =+Q123-E123 -> 0.294 | X123: =+ABS(W123) -> 0.294 | Y123: =+W123*W123 -> 0.086436 | Z123: =+(W123/E123)*100 -> 0.12787835
A124: =+INT(D124) -> 46211 | B124: =+MOD(D124,1) -> 0.78326392 | C124: 46211.783 | D124: 46211.783 | E124: 229.845 | F124: 229.862 | G124: 229.862 | H124: 229.902 | I124: 8.85 | J124: 8.87 | K124: 8.87 | L124: 8.9 | M124: 49.969 | N124: 49.971 | O124: 49.973 | P124: 0.991 | Q124: =+VLOOKUP($C124,Pagina!$C:$Q,10,0) -> 230.6 | R124: =+VLOOKUP($C124,Pagina!$C:$Q,11,0) -> 95.097 | S124: =+VLOOKUP($C124,Pagina!$C:$Q,12,0) -> 50 | T124: =+VLOOKUP($C124,Pagina!$C:$Q,13,0) -> 1 | U124: =+VLOOKUP($C124,Pagina!$C:$Q,14,0) -> 9679000 | V124: =+VLOOKUP($C124,Pagina!$C:$Q,15,0) -> 2221700 | W124: =+Q124-E124 -> 0.755 | X124: =+ABS(W124) -> 0.755 | Y124: =+W124*W124 -> 0.570025 | Z124: =+(W124/E124)*100 -> 0.32848224
... A265: =+INT(D265) -> 46211 | B265: =+MOD(D265,1) -> 0.7848981 | C265: 46211.785 | D265: 46211.785 | E265: 230.313 | F265: 232.362 | G265: 232.362 | H265: 232.97 | I265: 0.06 | J265: 3.99 | K265: 6.31 | L265: 8.53 | M265: 50.035 | N265: 50.037 | O265: 50.04 | P265: 0.991 | Q265: =+VLOOKUP($C265,Pagina!$C:$Q,10,0) -> 231.6 | R265: =+VLOOKUP($C265,Pagina!$C:$Q,11,0) -> 95.169998 | S265: =+VLOOKUP($C265,Pagina!$C:$Q,12,0) -> 50 | T265: =+VLOOKUP($C265,Pagina!$C:$Q,13,0) -> 0,990000 | U265: =+VLOOKUP($C265,Pagina!$C:$Q,14,0) -> 8169000 | V265: =+VLOOKUP($C265,Pagina!$C:$Q,15,0) -> 1873100 | W265: =+Q265-E265 -> 1.287 | X265: =+ABS(W265) -> 1.287 | Y265: =+W265*W265 -> 1.656369 | Z265: =+(W265/E265)*100 -> 0.55880476
A266: =+INT(D266) -> 46211 | B266: =+MOD(D266,1) -> 0.78490966 | C266: 46211.785 | D266: 46211.785 | E266: 233.002 | F266: 233.033 | G266: 233.033 | H266: 233.053 | I266: 0.02 | J266: 0.04 | K266: --- | L266: 0.06 | M266: 50.034 | N266: 50.035 | O266: 50.036 | P266: --- | Q266: =+VLOOKUP($C266,Pagina!$C:$Q,10,0) -> 231.6 | R266: =+VLOOKUP($C266,Pagina!$C:$Q,11,0) -> 95.170998 | S266: =+VLOOKUP($C266,Pagina!$C:$Q,12,0) -> 50 | T266: =+VLOOKUP($C266,Pagina!$C:$Q,13,0) -> 0,990000 | U266: =+VLOOKUP($C266,Pagina!$C:$Q,14,0) -> 8168000 | V266: =+VLOOKUP($C266,Pagina!$C:$Q,15,0) -> 1873000 | W266: =+Q266-E266 -> -1.402 | X266: =+ABS(W266) -> 1.402 | Y266: =+W266*W266 -> 1.965604 | Z266: =+(W266/E266)*100 -> -0.60171157
A267: =+INT(D267) -> 46211 | B267: =+MOD(D267,1) -> 0.78492124 | C267: 46211.785 | D267: 46211.785 | E267: 233.075 | F267: 233.09 | G267: 233.09 | H267: 233.119 | I267: 0.03 | J267: 0.07 | K267: --- | L267: 0.09 | M267: 50.035 | N267: 50.036 | O267: 50.036 | P267: --- | Q267: =+VLOOKUP($C267,Pagina!$C:$Q,10,0) -> 231.6 | R267: =+VLOOKUP($C267,Pagina!$C:$Q,11,0) -> 95.171997 | S267: =+VLOOKUP($C267,Pagina!$C:$Q,12,0) -> 50 | T267: =+VLOOKUP($C267,Pagina!$C:$Q,13,0) -> 0,990000 | U267: =+VLOOKUP($C267,Pagina!$C:$Q,14,0) -> 8168000 | V267: =+VLOOKUP($C267,Pagina!$C:$Q,15,0) -> 1873000 | W267: =+Q267-E267 -> -1.475 | X267: =+ABS(W267) -> 1.475 | Y267: =+W267*W267 -> 2.175625 | Z267: =+(W267/E267)*100 -> -0.63284351
A268: =+INT(D268) -> 46211 | B268: =+MOD(D268,1) -> 0.7849328 | C268: 46211.785 | D268: 46211.785 | E268: 233.021 | F268: 233.052 | G268: 233.052 | H268: 233.085 | I268: 0.03 | J268: 0.06 | K268: --- | L268: 0.09 | M268: 50.035 | N268: 50.036 | O268: 50.037 | P268: --- | Q268: =+VLOOKUP($C268,Pagina!$C:$Q,10,0) -> 231.5 | R268: =+VLOOKUP($C268,Pagina!$C:$Q,11,0) -> 95.171997 | S268: =+VLOOKUP($C268,Pagina!$C:$Q,12,0) -> 50 | T268: =+VLOOKUP($C268,Pagina!$C:$Q,13,0) -> 0,990000 | U268: =+VLOOKUP($C268,Pagina!$C:$Q,14,0) -> 8165000 | V268: =+VLOOKUP($C268,Pagina!$C:$Q,15,0) -> 1871600 | W268: =+Q268-E268 -> -1.521 | X268: =+ABS(W268) -> 1.521 | Y268: =+W268*W268 -> 2.313441 | Z268: =+(W268/E268)*100 -> -0.65273087
A269: =+INT(D269) -> 46211 | B269: =+MOD(D269,1) -> 0.78494436 | C269: 46211.785 | D269: 46211.785 | E269: 233.081 | F269: 233.114 | G269: 233.114 | H269: 233.148 | I269: 0.02 | J269: 0.04 | K269: --- | L269: 0.05 | M269: 50.038 | N269: 50.038 | O269: 50.039 | P269: --- | Q269: =+VLOOKUP($C269,Pagina!$C:$Q,10,0) -> 231.4 | R269: =+VLOOKUP($C269,Pagina!$C:$Q,11,0) -> 95.172997 | S269: =+VLOOKUP($C269,Pagina!$C:$Q,12,0) -> 50 | T269: =+VLOOKUP($C269,Pagina!$C:$Q,13,0) -> 0,990000 | U269: =+VLOOKUP($C269,Pagina!$C:$Q,14,0) -> 8163000 | V269: =+VLOOKUP($C269,Pagina!$C:$Q,15,0) -> 1870100 | W269: =+Q269-E269 -> -1.681 | X269: =+ABS(W269) -> 1.681 | Y269: =+W269*W269 -> 2.825761 | Z269: =+(W269/E269)*100 -> -0.72120851
A270: =+INT(D270) -> 46211 | B270: =+MOD(D270,1) -> 0.78495593 | C270: 46211.785 | D270: 46211.785 | E270: 233.04 | F270: 233.072 | G270: 233.072 | H270: 233.101 | I270: 0.02 | J270: 0.03 | K270: --- | L270: 0.04 | M270: 50.034 | N270: 50.035 | O270: 50.037 | P270: --- | Q270: =+VLOOKUP($C270,Pagina!$C:$Q,10,0) -> 231.3 | R270: =+VLOOKUP($C270,Pagina!$C:$Q,11,0) -> 95.172997 | S270: =+VLOOKUP($C270,Pagina!$C:$Q,12,0) -> 50 | T270: =+VLOOKUP($C270,Pagina!$C:$Q,13,0) -> 0,990000 | U270: =+VLOOKUP($C270,Pagina!$C:$Q,14,0) -> 8166000 | V270: =+VLOOKUP($C270,Pagina!$C:$Q,15,0) -> 1870400 | W270: =+Q270-E270 -> -1.74 | X270: =+ABS(W270) -> 1.74 | Y270: =+W270*W270 -> 3.0276 | Z270: =+(W270/E270)*100 -> -0.74665294
A271: =+INT(D271) -> 46211 | B271: =+MOD(D271,1) -> 0.7849675 | C271: 46211.785 | D271: 46211.785 | E271: 233.081 | F271: 233.112 | G271: 233.112 | H271: 233.131 | I271: 0.02 | J271: 0.03 | K271: --- | L271: 0.04 | M271: 50.032 | N271: 50.033 | O271: 50.034 | P271: --- | Q271: =+VLOOKUP($C271,Pagina!$C:$Q,10,0) -> 231.6 | R271: =+VLOOKUP($C271,Pagina!$C:$Q,11,0) -> 95.174004 | S271: =+VLOOKUP($C271,Pagina!$C:$Q,12,0) -> 50 | T271: =+VLOOKUP($C271,Pagina!$C:$Q,13,0) -> 1 | U271: =+VLOOKUP($C271,Pagina!$C:$Q,14,0) -> 6827000 | V271: =+VLOOKUP($C271,Pagina!$C:$Q,15,0) -> 1602100 | W271: =+Q271-E271 -> -1.481 | X271: =+ABS(W271) -> 1.481 | Y271: =+W271*W271 -> 2.193361 | Z271: =+(W271/E271)*100 -> -0.63540143
A272: =+INT(D272) -> 46211 | B272: =+MOD(D272,1) -> 0.78497906 | C272: 46211.785 | D272: 46211.785 | E272: 233.02 | F272: 233.056 | G272: 233.056 | H272: 233.122 | I272: 0.03 | J272: 0.04 | K272: --- | L272: 0.06 | M272: 50.028 | N272: 50.03 | O272: 50.031 | P272: --- | Q272: =+VLOOKUP($C272,Pagina!$C:$Q,10,0) -> 231.6 | R272: =+VLOOKUP($C272,Pagina!$C:$Q,11,0) -> 95.174004 | S272: =+VLOOKUP($C272,Pagina!$C:$Q,12,0) -> 50 | T272: =+VLOOKUP($C272,Pagina!$C:$Q,13,0) -> 1 | U272: =+VLOOKUP($C272,Pagina!$C:$Q,14,0) -> 6827000 | V272: =+VLOOKUP($C272,Pagina!$C:$Q,15,0) -> 1602100 | W272: =+Q272-E272 -> -1.42 | X272: =+ABS(W272) -> 1.42 | Y272: =+W272*W272 -> 2.0164 | Z272: =+(W272/E272)*100 -> -0.60938975
A273: =+INT(D273) -> 46211 | B273: =+MOD(D273,1) -> 0.78499064 | C273: 46211.785 | D273: 46211.785 | E273: 232.856 | F273: 232.922 | G273: 232.922 | H273: 232.963 | I273: 0.02 | J273: 0.03 | K273: --- | L273: 0.05 | M273: 50.018 | N273: 50.022 | O273: 50.026 | P273: --- | Q273: =+VLOOKUP($C273,Pagina!$C:$Q,10,0) -> 233.9 | R273: =+VLOOKUP($C273,Pagina!$C:$Q,11,0) -> 95.174004 | S273: =+VLOOKUP($C273,Pagina!$C:$Q,12,0) -> 50 | T273: =+VLOOKUP($C273,Pagina!$C:$Q,13,0) -> 0,000000 | U273: =+VLOOKUP($C273,Pagina!$C:$Q,14,0) -> 0,000000 | V273: =+VLOOKUP($C273,Pagina!$C:$Q,15,0) -> 0,000000 | W273: =+Q273-E273 -> 1.044 | X273: =+ABS(W273) -> 1.044 | Y273: =+W273*W273 -> 1.089936 | Z273: =+(W273/E273)*100 -> 0.44834576
A274: =+INT(D274) -> 46211 | B274: =+MOD(D274,1) -> 0.7850022 | C274: 46211.785 | D274: 46211.785 | E274: 232.791 | F274: 232.824 | G274: 232.824 | H274: 232.877 | I274: 0.02 | J274: 0.02 | K274: --- | L274: 0.02 | M274: 50.007 | N274: 50.012 | O274: 50.017 | P274: --- | Q274: =+VLOOKUP($C274,Pagina!$C:$Q,10,0) -> 233.9 | R274: =+VLOOKUP($C274,Pagina!$C:$Q,11,0) -> 95.174004 | S274: =+VLOOKUP($C274,Pagina!$C:$Q,12,0) -> 50 | T274: =+VLOOKUP($C274,Pagina!$C:$Q,13,0) -> 0,000000 | U274: =+VLOOKUP($C274,Pagina!$C:$Q,14,0) -> 0,000000 | V274: =+VLOOKUP($C274,Pagina!$C:$Q,15,0) -> 0,000000 | W274: =+Q274-E274 -> 1.109 | X274: =+ABS(W274) -> 1.109 | Y274: =+W274*W274 -> 1.229881 | Z274: =+(W274/E274)*100 -> 0.47639299
A275: =+INT(D275) -> 46211 | B275: =+MOD(D275,1) -> 0.78501377 | C275: 46211.785 | D275: 46211.785 | E275: 232.657 | F275: 232.684 | G275: 232.684 | H275: 232.734 | I275: 0.02 | J275: 0.03 | K275: --- | L275: 0.04 | M275: 49.994 | N275: 49.999 | O275: 50.003 | P275: --- | Q275: =+VLOOKUP($C275,Pagina!$C:$Q,10,0) -> 233.9 | R275: =+VLOOKUP($C275,Pagina!$C:$Q,11,0) -> 95.174004 | S275: =+VLOOKUP($C275,Pagina!$C:$Q,12,0) -> 50 | T275: =+VLOOKUP($C275,Pagina!$C:$Q,13,0) -> 0,000000 | U275: =+VLOOKUP($C275,Pagina!$C:$Q,14,0) -> 0,000000 | V275: =+VLOOKUP($C275,Pagina!$C:$Q,15,0) -> 0,000000 | W275: =+Q275-E275 -> 1.243 | X275: =+ABS(W275) -> 1.243 | Y275: =+W275*W275 -> 1.545049 | Z275: =+(W275/E275)*100 -> 0.53426288
A276: =+INT(D276) -> 46211 | B276: =+MOD(D276,1) -> 0.78502535 | C276: 46211.785 | D276: 46211.785 | E276: 232.678 | F276: 232.71 | G276: 232.71 | H276: 232.748 | I276: 0.02 | J276: 0.02 | K276: --- | L276: 0.03 | M276: 49.983 | N276: 49.988 | O276: 49.993 | P276: --- | Q276: =+VLOOKUP($C276,Pagina!$C:$Q,10,0) -> 233.9 | R276: =+VLOOKUP($C276,Pagina!$C:$Q,11,0) -> 95.174004 | S276: =+VLOOKUP($C276,Pagina!$C:$Q,12,0) -> 50 | T276: =+VLOOKUP($C276,Pagina!$C:$Q,13,0) -> 0,000000 | U276: =+VLOOKUP($C276,Pagina!$C:$Q,14,0) -> 0,000000 | V276: =+VLOOKUP($C276,Pagina!$C:$Q,15,0) -> 0,000000 | W276: =+Q276-E276 -> 1.222 | X276: =+ABS(W276) -> 1.222 | Y276: =+W276*W276 -> 1.493284 | Z276: =+(W276/E276)*100 -> 0.52518932
A277: =+INT(D277) -> 46211 | B277: =+MOD(D277,1) -> 0.78503693 | C277: 46211.785 | D277: 46211.785 | E277: 232.688 | F277: 232.714 | G277: 232.714 | H277: 232.74 | I277: 0.02 | J277: 0.03 | K277: --- | L277: 0.06 | M277: 49.97 | N277: 49.974 | O277: 49.979 | P277: --- | Q277: =+VLOOKUP($C277,Pagina!$C:$Q,10,0) -> 234 | R277: =+VLOOKUP($C277,Pagina!$C:$Q,11,0) -> 95.174004 | S277: =+VLOOKUP($C277,Pagina!$C:$Q,12,0) -> 50 | T277: =+VLOOKUP($C277,Pagina!$C:$Q,13,0) -> 0,000000 | U277: =+VLOOKUP($C277,Pagina!$C:$Q,14,0) -> 0,000000 | V277: =+VLOOKUP($C277,Pagina!$C:$Q,15,0) -> 0,000000 | W277: =+Q277-E277 -> 1.312 | X277: =+ABS(W277) -> 1.312 | Y277: =+W277*W277 -> 1.721344 | Z277: =+(W277/E277)*100 -> 0.56384515
... A293: =+INT(D293) -> 46211 | B293: =+MOD(D293,1) -> 0.78521998 | C293: 46211.785 | D293: 46211.785 | E293: 232.81 | F293: 232.833 | G293: 232.833 | H293: 232.885 | I293: 0.03 | J293: 0.04 | K293: --- | L293: 0.05 | M293: 49.953 | N293: 49.954 | O293: 49.956 | P293: --- | Q293: =+VLOOKUP($C293,Pagina!$C:$Q,10,0) -> 233.9 | R293: =+VLOOKUP($C293,Pagina!$C:$Q,11,0) -> 95.174004 | S293: =+VLOOKUP($C293,Pagina!$C:$Q,12,0) -> 49.9 | T293: =+VLOOKUP($C293,Pagina!$C:$Q,13,0) -> 0,000000 | U293: =+VLOOKUP($C293,Pagina!$C:$Q,14,0) -> 0,000000 | V293: =+VLOOKUP($C293,Pagina!$C:$Q,15,0) -> 0,000000 | W293: =+Q293-E293 -> 1.09 | X293: =+ABS(W293) -> 1.09 | Y293: =+W293*W293 -> 1.1881 | Z293: =+(W293/E293)*100 -> 0.46819295
A294: =+INT(D294) -> 46211 | B294: =+MOD(D294,1) -> 0.78523156 | C294: 46211.785 | D294: 46211.785 | E294: 232.887 | F294: 232.908 | G294: 232.908 | H294: 232.921 | I294: 0.02 | J294: 0.81 | K294: 1.8 | L294: 1.8 | M294: 49.956 | N294: 49.957 | O294: 49.959 | P294: --- | Q294: =+VLOOKUP($C294,Pagina!$C:$Q,10,0) -> 233.7 | R294: =+VLOOKUP($C294,Pagina!$C:$Q,11,0) -> 95.174004 | S294: =+VLOOKUP($C294,Pagina!$C:$Q,12,0) -> 49.9 | T294: =+VLOOKUP($C294,Pagina!$C:$Q,13,0) -> 0,000000 | U294: =+VLOOKUP($C294,Pagina!$C:$Q,14,0) -> 0,000000 | V294: =+VLOOKUP($C294,Pagina!$C:$Q,15,0) -> 0,000000 | W294: =+Q294-E294 -> 0.813 | X294: =+ABS(W294) -> 0.813 | Y294: =+W294*W294 -> 0.660969 | Z294: =+(W294/E294)*100 -> 0.34909634
A295: =+INT(D295) -> 46211 | B295: =+MOD(D295,1) -> 0.78524315 | C295: 46211.785 | D295: 46211.785 | E295: 232.901 | F295: 232.939 | G295: 232.939 | H295: 232.97 | I295: 0.14 | J295: 0.23 | K295: 0.33 | L295: 0.41 | M295: 49.96 | N295: 49.961 | O295: 49.962 | P295: 0.434 | Q295: =+VLOOKUP($C295,Pagina!$C:$Q,10,0) -> 233.7 | R295: =+VLOOKUP($C295,Pagina!$C:$Q,11,0) -> 95.174004 | S295: =+VLOOKUP($C295,Pagina!$C:$Q,12,0) -> 49.9 | T295: =+VLOOKUP($C295,Pagina!$C:$Q,13,0) -> 0,000000 | U295: =+VLOOKUP($C295,Pagina!$C:$Q,14,0) -> 0,000000 | V295: =+VLOOKUP($C295,Pagina!$C:$Q,15,0) -> 0,000000 | W295: =+Q295-E295 -> 0.799 | X295: =+ABS(W295) -> 0.799 | Y295: =+W295*W295 -> 0.638401 | Z295: =+(W295/E295)*100 -> 0.34306422
A296: =+INT(D296) -> 46211 | B296: =+MOD(D296,1) -> 0.78525473 | C296: 46211.785 | D296: 46211.785 | E296: 232.92 | F296: 232.961 | G296: 232.961 | H296: 233.01 | I296: 0.23 | J296: 0.34 | K296: 0.34 | L296: 0.4 | M296: 49.964 | N296: 49.966 | O296: 49.968 | P296: 0.432 | Q296: =+VLOOKUP($C296,Pagina!$C:$Q,10,0) -> 233.6 | R296: =+VLOOKUP($C296,Pagina!$C:$Q,11,0) -> 95.174004 | S296: =+VLOOKUP($C296,Pagina!$C:$Q,12,0) -> 49.9 | T296: =+VLOOKUP($C296,Pagina!$C:$Q,13,0) -> 0,000000 | U296: =+VLOOKUP($C296,Pagina!$C:$Q,14,0) -> 0,000000 | V296: =+VLOOKUP($C296,Pagina!$C:$Q,15,0) -> 0,000000 | W296: =+Q296-E296 -> 0.68 | X296: =+ABS(W296) -> 0.68 | Y296: =+W296*W296 -> 0.4624 | Z296: =+(W296/E296)*100 -> 0.29194573
A297: =+INT(D297) -> 46211 | B297: =+MOD(D297,1) -> 0.78526631 | C297: 46211.785 | D297: 46211.785 | E297: 232.951 | F297: 233.002 | G297: 233.002 | H297: 233.044 | I297: 0.24 | J297: 0.28 | K297: 0.28 | L297: 0.32 | M297: 49.97 | N297: 49.972 | O297: 49.975 | P297: --- | Q297: =+VLOOKUP($C297,Pagina!$C:$Q,10,0) -> 233.6 | R297: =+VLOOKUP($C297,Pagina!$C:$Q,11,0) -> 95.174004 | S297: =+VLOOKUP($C297,Pagina!$C:$Q,12,0) -> 49.9 | T297: =+VLOOKUP($C297,Pagina!$C:$Q,13,0) -> 0,000000 | U297: =+VLOOKUP($C297,Pagina!$C:$Q,14,0) -> 0,000000 | V297: =+VLOOKUP($C297,Pagina!$C:$Q,15,0) -> 0,000000 | W297: =+Q297-E297 -> 0.649 | X297: =+ABS(W297) -> 0.649 | Y297: =+W297*W297 -> 0.421201 | Z297: =+(W297/E297)*100 -> 0.27859936
A298: =+INT(D298) -> 46211 | B298: =+MOD(D298,1) -> 0.78527789 | C298: 46211.785 | D298: 46211.785 | E298: 233.068 | F298: 233.095 | G298: 233.095 | H298: 233.133 | I298: 0.29 | J298: 0.32 | K298: 0.32 | L298: 0.37 | M298: 49.978 | N298: 49.981 | O298: 49.985 | P298: 0.438 | Q298: =+VLOOKUP($C298,Pagina!$C:$Q,10,0) -> 233.6 | R298: =+VLOOKUP($C298,Pagina!$C:$Q,11,0) -> 95.174004 | S298: =+VLOOKUP($C298,Pagina!$C:$Q,12,0) -> 49.9 | T298: =+VLOOKUP($C298,Pagina!$C:$Q,13,0) -> 0,000000 | U298: =+VLOOKUP($C298,Pagina!$C:$Q,14,0) -> 0,000000 | V298: =+VLOOKUP($C298,Pagina!$C:$Q,15,0) -> 0,000000 | W298: =+Q298-E298 -> 0.532 | X298: =+ABS(W298) -> 0.532 | Y298: =+W298*W298 -> 0.283024 | Z298: =+(W298/E298)*100 -> 0.22825956
A299: =+INT(D299) -> 46211 | B299: =+MOD(D299,1) -> 0.78528947 | C299: 46211.785 | D299: 46211.785 | E299: 233.008 | F299: 233.071 | G299: 233.071 | H299: 233.157 | I299: 0.33 | J299: 0.35 | K299: 0.35 | L299: 0.37 | M299: 49.987 | N299: 49.99 | O299: 49.993 | P299: 0.433 | Q299: =+VLOOKUP($C299,Pagina!$C:$Q,10,0) -> 233.6 | R299: =+VLOOKUP($C299,Pagina!$C:$Q,11,0) -> 95.174004 | S299: =+VLOOKUP($C299,Pagina!$C:$Q,12,0) -> 49.9 | T299: =+VLOOKUP($C299,Pagina!$C:$Q,13,0) -> 0,000000 | U299: =+VLOOKUP($C299,Pagina!$C:$Q,14,0) -> 0,000000 | V299: =+VLOOKUP($C299,Pagina!$C:$Q,15,0) -> 0,000000 | W299: =+Q299-E299 -> 0.592 | X299: =+ABS(W299) -> 0.592 | Y299: =+W299*W299 -> 0.350464 | Z299: =+(W299/E299)*100 -> 0.25406853
A300: =+INT(D300) -> 46211 | B300: =+MOD(D300,1) -> 0.78530104 | C300: 46211.785 | D300: 46211.785 | E300: 232.949 | F300: 232.964 | G300: 232.964 | H300: 232.98 | I300: 0.35 | J300: 0.36 | K300: 0.36 | L300: 0.38 | M300: 49.994 | N300: 49.996 | O300: 49.997 | P300: 0.437 | Q300: =+VLOOKUP($C300,Pagina!$C:$Q,10,0) -> 233.7 | R300: =+VLOOKUP($C300,Pagina!$C:$Q,11,0) -> 95.174004 | S300: =+VLOOKUP($C300,Pagina!$C:$Q,12,0) -> 49.9 | T300: =+VLOOKUP($C300,Pagina!$C:$Q,13,0) -> 0,000000 | U300: =+VLOOKUP($C300,Pagina!$C:$Q,14,0) -> 0,000000 | V300: =+VLOOKUP($C300,Pagina!$C:$Q,15,0) -> 0,000000 | W300: =+Q300-E300 -> 0.751 | X300: =+ABS(W300) -> 0.751 | Y300: =+W300*W300 -> 0.564001 | Z300: =+(W300/E300)*100 -> 0.32238816
A301: =+INT(D301) -> 46211 | B301: =+MOD(D301,1) -> 0.78531262 | C301: 46211.785 | D301: 46211.785 | E301: 232.879 | F301: 232.899 | G301: 232.899 | H301: 232.922 | I301: 0.35 | J301: 0.36 | K301: 0.36 | L301: 0.37 | M301: 49.998 | N301: 50 | O301: 50.001 | P301: 0.439 | Q301: =+VLOOKUP($C301,Pagina!$C:$Q,10,0) -> 233.8 | R301: =+VLOOKUP($C301,Pagina!$C:$Q,11,0) -> 95.174004 | S301: =+VLOOKUP($C301,Pagina!$C:$Q,12,0) -> 49.9 | T301: =+VLOOKUP($C301,Pagina!$C:$Q,13,0) -> 0,140000 | U301: =+VLOOKUP($C301,Pagina!$C:$Q,14,0) -> 0,140000 | V301: =+VLOOKUP($C301,Pagina!$C:$Q,15,0) -> 0,004500 | W301: =+Q301-E301 -> 0.921 | X301: =+ABS(W301) -> 0.921 | Y301: =+W301*W301 -> 0.848241 | Z301: =+(W301/E301)*100 -> 0.39548435
A302: =+INT(D302) -> 46211 | B302: =+MOD(D302,1) -> 0.78532419 | C302: 46211.785 | D302: 46211.785 | E302: 232.857 | F302: 232.887 | G302: 232.887 | H302: 232.918 | I302: 0.37 | J302: 0.37 | K302: 0.37 | L302: 0.38 | M302: 50.002 | N302: 50.005 | O302: 50.008 | P302: 0.441 | Q302: =+VLOOKUP($C302,Pagina!$C:$Q,10,0) -> 233.8 | R302: =+VLOOKUP($C302,Pagina!$C:$Q,11,0) -> 95.174004 | S302: =+VLOOKUP($C302,Pagina!$C:$Q,12,0) -> 49.9 | T302: =+VLOOKUP($C302,Pagina!$C:$Q,13,0) -> 0,290000 | U302: =+VLOOKUP($C302,Pagina!$C:$Q,14,0) -> 0,240000 | V302: =+VLOOKUP($C302,Pagina!$C:$Q,15,0) -> 0,016500 | W302: =+Q302-E302 -> 0.943 | X302: =+ABS(W302) -> 0.943 | Y302: =+W302*W302 -> 0.889249 | Z302: =+(W302/E302)*100 -> 0.40496957
A303: =+INT(D303) -> 46211 | B303: =+MOD(D303,1) -> 0.78533576 | C303: 46211.785 | D303: 46211.785 | E303: 232.886 | F303: 232.893 | G303: 232.893 | H303: 232.901 | I303: 0.37 | J303: 0.38 | K303: 0.38 | L303: 0.38 | M303: 50.009 | N303: 50.012 | O303: 50.015 | P303: 0.44 | Q303: =+VLOOKUP($C303,Pagina!$C:$Q,10,0) -> 233.8 | R303: =+VLOOKUP($C303,Pagina!$C:$Q,11,0) -> 95.174004 | S303: =+VLOOKUP($C303,Pagina!$C:$Q,12,0) -> 50 | T303: =+VLOOKUP($C303,Pagina!$C:$Q,13,0) -> 0,290000 | U303: =+VLOOKUP($C303,Pagina!$C:$Q,14,0) -> 0,240000 | V303: =+VLOOKUP($C303,Pagina!$C:$Q,15,0) -> 0,016500 | W303: =+Q303-E303 -> 0.914 | X303: =+ABS(W303) -> 0.914 | Y303: =+W303*W303 -> 0.835396 | Z303: =+(W303/E303)*100 -> 0.3924667
A304: =+INT(D304) -> 46211 | B304: =+MOD(D304,1) -> 0.78534733 | C304: 46211.785 | D304: 46211.785 | E304: 232.893 | F304: 232.904 | G304: 232.904 | H304: 232.912 | I304: 0.37 | J304: 0.38 | K304: 0.38 | L304: 0.39 | M304: 50.016 | N304: 50.019 | O304: 50.021 | P304: 0.446 | Q304: =+VLOOKUP($C304,Pagina!$C:$Q,10,0) -> 233.9 | R304: =+VLOOKUP($C304,Pagina!$C:$Q,11,0) -> 95.174004 | S304: =+VLOOKUP($C304,Pagina!$C:$Q,12,0) -> 49.9 | T304: =+VLOOKUP($C304,Pagina!$C:$Q,13,0) -> 0,380000 | U304: =+VLOOKUP($C304,Pagina!$C:$Q,14,0) -> 0,252000 | V304: =+VLOOKUP($C304,Pagina!$C:$Q,15,0) -> 0,022300 | W304: =+Q304-E304 -> 1.007 | X304: =+ABS(W304) -> 1.007 | Y304: =+W304*W304 -> 1.014049 | Z304: =+(W304/E304)*100 -> 0.43238741
A305: =+INT(D305) -> 46211 | B305: =+MOD(D305,1) -> 0.7853589 | C305: 46211.785 | D305: 46211.785 | E305: 232.847 | F305: 232.89 | G305: 232.89 | H305: 232.918 | I305: 0.36 | J305: 0.37 | K305: 0.37 | L305: 0.38 | M305: 50.021 | N305: 50.022 | O305: 50.024 | P305: 0.445 | Q305: =+VLOOKUP($C305,Pagina!$C:$Q,10,0) -> 233.9 | R305: =+VLOOKUP($C305,Pagina!$C:$Q,11,0) -> 95.174004 | S305: =+VLOOKUP($C305,Pagina!$C:$Q,12,0) -> 49.9 | T305: =+VLOOKUP($C305,Pagina!$C:$Q,13,0) -> 0,380000 | U305: =+VLOOKUP($C305,Pagina!$C:$Q,14,0) -> 0,275000 | V305: =+VLOOKUP($C305,Pagina!$C:$Q,15,0) -> 0,024700 | W305: =+Q305-E305 -> 1.053 | X305: =+ABS(W305) -> 1.053 | Y305: =+W305*W305 -> 1.108809 | Z305: =+(W305/E305)*100 -> 0.45222829
A306: =+INT(D306) -> 46211 | B306: =+MOD(D306,1) -> 0.78537046 | C306: 46211.785 | D306: 46211.785 | E306: 232.946 | F306: 232.96 | G306: 232.96 | H306: 232.977 | I306: 0.38 | J306: 0.38 | K306: 0.38 | L306: 0.39 | M306: 50.025 | N306: 50.026 | O306: 50.027 | P306: 0.444 | Q306: =+VLOOKUP($C306,Pagina!$C:$Q,10,0) -> 233.9 | R306: =+VLOOKUP($C306,Pagina!$C:$Q,11,0) -> 95.174004 | S306: =+VLOOKUP($C306,Pagina!$C:$Q,12,0) -> 50 | T306: =+VLOOKUP($C306,Pagina!$C:$Q,13,0) -> 0,400000 | U306: =+VLOOKUP($C306,Pagina!$C:$Q,14,0) -> 0,326000 | V306: =+VLOOKUP($C306,Pagina!$C:$Q,15,0) -> 0,030800 | W306: =+Q306-E306 -> 0.954 | X306: =+ABS(W306) -> 0.954 | Y306: =+W306*W306 -> 0.910116 | Z306: =+(W306/E306)*100 -> 0.40953697
A307: =+INT(D307) -> 46211 | B307: =+MOD(D307,1) -> 0.78538204 | C307: 46211.785 | D307: 46211.785 | E307: 232.918 | F307: 232.962 | G307: 232.962 | H307: 233.006 | I307: 0.37 | J307: 0.38 | K307: 0.38 | L307: 0.38 | M307: 50.027 | N307: 50.028 | O307: 50.031 | P307: 0.445 | Q307: =+VLOOKUP($C307,Pagina!$C:$Q,10,0) -> 233.8 | R307: =+VLOOKUP($C307,Pagina!$C:$Q,11,0) -> 95.174004 | S307: =+VLOOKUP($C307,Pagina!$C:$Q,12,0) -> 50 | T307: =+VLOOKUP($C307,Pagina!$C:$Q,13,0) -> 0,410000 | U307: =+VLOOKUP($C307,Pagina!$C:$Q,14,0) -> 0,336000 | V307: =+VLOOKUP($C307,Pagina!$C:$Q,15,0) -> 0,032100 | W307: =+Q307-E307 -> 0.882 | X307: =+ABS(W307) -> 0.882 | Y307: =+W307*W307 -> 0.777924 | Z307: =+(W307/E307)*100 -> 0.37867404
...

Sheet 011
A1: Hora [UTC] | B1: U1(Min) [V] | C1: U1(Med) [V] | D1: U1(ProAct) [V] | E1: U1(Max) [V] | F1: I1(Min) [A] | G1: I1(Med) [A] | H1: I1(ProAct) [A] | I1: I1(Max) [A] | J1: f(Min) [Hz] | K1: f(ProAct) [Hz] | L1: f(Max) [Hz] | M1: PF1cap+(ProAct) []
A2: 46211.772 | B2: 230.958 | C2: 230.997 | D2: 230.997 | E2: 231.03 | F2: 8.534 | G2: 8.536 | H2: 8.536 | I2: 8.537 | J2: 50.071 | K2: 50.073 | L2: 50.075 | M2: 0.9907
A3: 46211.772 | B3: 230.966 | C3: 231.028 | D3: 231.028 | E3: 231.061 | F3: 8.537 | G3: 8.539 | H3: 8.539 | I3: 8.541 | J3: 50.075 | K3: 50.077 | L3: 50.078 | M3: 0.9907
A4: 46211.772 | B4: 231.035 | C4: 231.049 | D4: 231.049 | E4: 231.059 | F4: 8.538 | G4: 8.539 | H4: 8.539 | I4: 8.54 | J4: 50.078 | K4: 50.081 | L4: 50.083 | M4: 0.9907
A5: 46211.772 | B5: 231.041 | C5: 231.073 | D5: 231.073 | E5: 231.156 | F5: 8.535 | G5: 8.538 | H5: 8.538 | I5: 8.541 | J5: 50.084 | K5: 50.084 | L5: 50.086 | M5: 0.9907
A6: 46211.772 | B6: 230.831 | C6: 230.914 | D6: 230.914 | E6: 231.074 | F6: 8.525 | G6: 8.534 | H6: 8.534 | I6: 8.543 | J6: 50.086 | K6: 50.086 | L6: 50.087 | M6: 0.9907
A7: 46211.772 | B7: 231.111 | C7: 231.139 | D7: 231.139 | E7: 231.201 | F7: 8.537 | G7: 8.542 | H7: 8.542 | I7: 8.549 | J7: 50.085 | K7: 50.086 | L7: 50.086 | M7: 0.9907
A8: 46211.772 | B8: 231.038 | C8: 231.103 | D8: 231.103 | E8: 231.196 | F8: 8.536 | G8: 8.538 | H8: 8.538 | I8: 8.542 | J8: 50.084 | K8: 50.085 | L8: 50.085 | M8: 0.9907
A9: 46211.772 | B9: 231.042 | C9: 231.07 | D9: 231.07 | E9: 231.11 | F9: 8.538 | G9: 8.539 | H9: 8.539 | I9: 8.54 | J9: 50.085 | K9: 50.087 | L9: 50.089 | M9: 0.9907
A10: 46211.772 | B10: 231.128 | C10: 231.145 | D10: 231.145 | E10: 231.172 | F10: 8.539 | G10: 8.541 | H10: 8.541 | I10: 8.543 | J10: 50.09 | K10: 50.091 | L10: 50.091 | M10: 0.9907
A11: 46211.772 | B11: 231.174 | C11: 231.205 | D11: 231.205 | E11: 231.266 | F11: 8.54 | G11: 8.541 | H11: 8.541 | I11: 8.542 | J11: 50.09 | K11: 50.091 | L11: 50.092 | M11: 0.9907
A12: 46211.772 | B12: 231.19 | C12: 231.215 | D12: 231.215 | E12: 231.234 | F12: 8.537 | G12: 8.538 | H12: 8.538 | I12: 8.539 | J12: 50.092 | K12: 50.093 | L12: 50.093 | M12: 0.9907
A13: 46211.772 | B13: 231.101 | C13: 231.136 | D13: 231.136 | E13: 231.171 | F13: 8.534 | G13: 8.537 | H13: 8.537 | I13: 8.54 | J13: 50.094 | K13: 50.095 | L13: 50.095 | M13: 0.9907
... A602: 46211.779 | B602: 230.142 | C602: 230.181 | D602: 230.181 | E602: 230.236 | F602: 8.54 | G602: 8.543 | H602: 8.543 | I602: 8.544 | J602: 50.05 | K602: 50.051 | L602: 50.051 | M602: 0.9907

Sheet 010
A1: Hora [UTC] | B1: U1(Min) [V] | C1: U1(Med) [V] | D1: U1(ProAct) [V] | E1: U1(Max) [V] | F1: I1(Min) [mA] | G1: I1(Med) [mA] | H1: I1(ProAct) [mA] | I1: I1(Max) [mA] | J1: f(Min) [Hz] | K1: f(ProAct) [Hz] | L1: f(Max) [Hz] | M1: PF1cap+(ProAct) []
A2: 46211.763 | B2: 230.954 | C2: 230.976 | D2: 230.976 | E2: 230.993 | F2: 22.76 | G2: 38.09 | H2: --- | I2: 57.07 | J2: 50.05 | K2: 50.05 | L2: 50.051 | M2: ---
A3: 46211.763 | B3: 230.944 | C3: 230.969 | D3: 230.969 | E3: 230.995 | F3: 8.6 | G3: 34.77 | H3: --- | I3: 60.63 | J3: 50.049 | K3: 50.05 | L3: 50.051 | M3: ---
A4: 46211.763 | B4: 230.928 | C4: 230.953 | D4: 230.953 | E4: 230.977 | F4: 15.71 | G4: 33.32 | H4: --- | I4: 51.62 | J4: 50.048 | K4: 50.048 | L4: 50.049 | M4: ---
A5: 46211.763 | B5: 231.003 | C5: 231.061 | D5: 231.061 | E5: 231.094 | F5: 21.07 | G5: 39.55 | H5: --- | I5: 55.98 | J5: 50.048 | K5: 50.049 | L5: 50.049 | M5: ---
A6: 46211.763 | B6: 231.074 | C6: 231.101 | D6: 231.101 | E6: 231.144 | F6: 11.11 | G6: 17.35 | H6: --- | I6: 31.02 | J6: 50.049 | K6: 50.051 | L6: 50.053 | M6: ---
A7: 46211.763 | B7: 231.115 | C7: 231.173 | D7: 231.173 | E7: 231.244 | F7: 11.11 | G7: 31.02 | H7: --- | I7: 41.85 | J7: 50.054 | K7: 50.059 | L7: 50.062 | M7: ---
A8: 46211.763 | B8: 231.112 | C8: 231.195 | D8: 231.195 | E8: 231.282 | F8: 21.65 | G8: 67.71 | H8: --- | I8: 110.84 | J8: 50.064 | K8: 50.068 | L8: 50.073 | M8: ---
A9: 46211.763 | B9: 231.202 | C9: 231.281 | D9: 231.281 | E9: 231.322 | F9: 28.1 | G9: 62.67 | H9: --- | I9: 80.4 | J9: 50.075 | K9: 50.078 | L9: 50.08 | M9: ---
A10: 46211.763 | B10: 231.274 | C10: 231.314 | D10: 231.314 | E10: 231.332 | F10: 11.11 | G10: 36.7 | H10: --- | I10: 56.42 | J10: 50.081 | K10: 50.083 | L10: 50.085 | M10: ---
A11: 46211.763 | B11: 231.306 | C11: 231.332 | D11: 231.332 | E11: 231.35 | F11: 11.11 | G11: 26 | H11: --- | I11: 35.82 | J11: 50.086 | K11: 50.088 | L11: 50.09 | M11: ---
A12: 46211.764 | B12: 231.329 | C12: 231.397 | D12: 231.397 | E12: 231.444 | F12: 16.47 | G12: 37.76 | H12: --- | I12: 55.76 | J12: 50.09 | K12: 50.092 | L12: 50.094 | M12: ---
A13: 46211.764 | B13: 231.424 | C13: 231.457 | D13: 231.457 | E13: 231.488 | F13: 18.59 | G13: 52.61 | H13: --- | I13: 95.03 | J13: 50.094 | K13: 50.096 | L13: 50.097 | M13: ---
... A302: 46211.767 | B302: 231.375 | C302: 231.398 | D302: 231.398 | E302: 231.434 | F302: 14.05 | G302: 29.72 | H302: --- | I302: 46.6 | J302: 50.04 | K302: 50.042 | L302: 50.044 | M302: ---

Sheet 009
A1: Hora [UTC] | B1: U1(Min) [V] | C1: U1(Med) [V] | D1: U1(ProAct) [V] | E1: U1(Max) [V] | F1: I1(Min) [A] | G1: I1(Med) [A] | H1: I1(ProAct) [A] | I1: I1(Max) [A] | J1: f(Min) [Hz] | K1: f(ProAct) [Hz] | L1: f(Max) [Hz] | M1: PF1cap+(ProAct) []
A2: 46211.744 | B2: 222.841 | C2: 222.913 | D2: 222.913 | E2: 222.968 | F2: 8.164 | G2: 8.17 | H2: 8.17 | I2: 8.173 | J2: 49.915 | K2: 49.916 | L2: 49.917 | M2: 0.9933
A3: 46211.744 | B3: 222.876 | C3: 222.898 | D3: 222.898 | E3: 222.916 | F3: 8.163 | G3: 8.165 | H3: 8.165 | I3: 8.166 | J3: 49.915 | K3: 49.916 | L3: 49.917 | M3: 0.9933
A4: 46211.744 | B4: 222.863 | C4: 222.947 | D4: 222.947 | E4: 223.014 | F4: 8.161 | G4: 8.162 | H4: 8.162 | I4: 8.164 | J4: 49.917 | K4: 49.918 | L4: 49.919 | M4: 0.9933
A5: 46211.744 | B5: 222.96 | C5: 223.009 | D5: 223.009 | E5: 223.044 | F5: 8.156 | G5: 8.158 | H5: 8.158 | I5: 8.16 | J5: 49.92 | K5: 49.921 | L5: 49.923 | M5: 0.9933
A6: 46211.744 | B6: 223.035 | C6: 223.066 | D6: 223.066 | E6: 223.104 | F6: 8.154 | G6: 8.156 | H6: 8.156 | I6: 8.157 | J6: 49.925 | K6: 49.927 | L6: 49.928 | M6: 0.9933
A7: 46211.744 | B7: 223.032 | C7: 223.073 | D7: 223.073 | E7: 223.117 | F7: 8.151 | G7: 8.154 | H7: 8.154 | I7: 8.158 | J7: 49.929 | K7: 49.929 | L7: 49.93 | M7: 0.9933
A8: 46211.744 | B8: 223.003 | C8: 223.062 | D8: 223.062 | E8: 223.114 | F8: 8.15 | G8: 8.155 | H8: 8.155 | I8: 8.157 | J8: 49.929 | K8: 49.93 | L8: 49.93 | M8: 0.9933
A9: 46211.744 | B9: 222.992 | C9: 223.074 | D9: 223.074 | E9: 223.173 | F9: 8.153 | G9: 8.157 | H9: 8.157 | I9: 8.162 | J9: 49.929 | K9: 49.93 | L9: 49.93 | M9: 0.9932
A10: 46211.744 | B10: 223.03 | C10: 223.081 | D10: 223.081 | E10: 223.12 | F10: 8.15 | G10: 8.152 | H10: 8.152 | I10: 8.154 | J10: 49.93 | K10: 49.931 | L10: 49.932 | M10: 0.9932
A11: 46211.744 | B11: 223.063 | C11: 223.129 | D11: 223.129 | E11: 223.19 | F11: 8.148 | G11: 8.152 | H11: 8.152 | I11: 8.154 | J11: 49.932 | K11: 49.934 | L11: 49.936 | M11: 0.9933
A12: 46211.744 | B12: 223.097 | C12: 223.137 | D12: 223.137 | E12: 223.199 | F12: 8.144 | G12: 8.148 | H12: 8.148 | I12: 8.151 | J12: 49.937 | K12: 49.939 | L12: 49.94 | M12: 0.9932
A13: 46211.744 | B13: 223.034 | C13: 223.08 | D13: 223.08 | E13: 223.137 | F13: 8.14 | G13: 8.142 | H13: 8.142 | I13: 8.145 | J13: 49.939 | K13: 49.94 | L13: 49.94 | M13: 0.9932
... A603: 46211.751 | B603: 221.372 | C603: 221.428 | D603: 221.428 | E603: 221.484 | F603: 8.137 | G603: 8.14 | H603: 8.14 | I603: 8.144 | J603: 50.007 | K603: 50.007 | L603: 50.007 | M603: 0.9934

Sheet 008
A1: Hora [UTC] | B1: U1(Min) [V] | C1: U1(Med) [V] | D1: U1(ProAct) [V] | E1: U1(Max) [V] | F1: I1(Min) [mA] | G1: I1(Med) [mA] | H1: I1(ProAct) [mA] | I1: I1(Max) [mA] | J1: f(Min) [Hz] | K1: f(ProAct) [Hz] | L1: f(Max) [Hz] | M1: PF1cap+(ProAct) []
A2: 46211.703 | B2: 226.344 | C2: 226.451 | D2: 226.451 | E2: 226.564 | F2: 17.91 | G2: 30.13 | H2: --- | I2: 36.16 | J2: 49.936 | K2: 49.938 | L2: 49.94 | M2: ---
A3: 46211.703 | B3: 226.488 | C3: 226.504 | D3: 226.504 | E3: 226.539 | F3: 17.91 | G3: 30.3 | H3: --- | I3: 51.86 | J3: 49.942 | K3: 49.944 | L3: 49.947 | M3: ---
A4: 46211.703 | B4: 226.437 | C4: 226.462 | D4: 226.462 | E4: 226.496 | F4: 24.33 | G4: 46.96 | H4: --- | I4: 70.77 | J4: 49.949 | K4: 49.952 | L4: 49.954 | M4: ---
A5: 46211.703 | B5: 226.408 | C5: 226.446 | D5: 226.446 | E5: 226.479 | F5: 26.75 | G5: 40.29 | H5: --- | I5: 56.2 | J5: 49.955 | K5: 49.957 | L5: 49.958 | M5: ---
A6: 46211.703 | B6: 225.957 | C6: 226.223 | D6: 226.223 | E6: 226.448 | F6: 25.81 | G6: 32.57 | H6: --- | I6: 44.7 | J6: 49.95 | K6: 49.953 | L6: 49.956 | M6: ---
A7: 46211.703 | B7: 226.203 | C7: 226.246 | D7: 226.246 | E7: 226.264 | F7: 19.24 | G7: 25.71 | H7: --- | I7: 36.16 | J7: 49.948 | K7: 49.949 | L7: 49.95 | M7: ---
A8: 46211.703 | B8: 226.252 | C8: 226.284 | D8: 226.284 | E8: 226.322 | F8: 19.24 | G8: 35.89 | H8: --- | I8: 53.96 | J8: 49.947 | K8: 49.948 | L8: 49.95 | M8: ---
A9: 46211.703 | B9: 226.293 | C9: 226.357 | D9: 226.357 | E9: 226.432 | F9: 19.87 | G9: 24.64 | H9: --- | I9: 29.8 | J9: 49.95 | K9: 49.951 | L9: 49.952 | M9: ---
A10: 46211.703 | B10: 226.328 | C10: 226.39 | D10: 226.39 | E10: 226.453 | F10: 17.91 | G10: 36.36 | H10: --- | I10: 62.04 | J10: 49.952 | K10: 49.953 | L10: 49.954 | M10: ---
A11: 46211.703 | B11: 226.218 | C11: 226.276 | D11: 226.276 | E11: 226.35 | F11: 17.21 | G11: 28.79 | H11: --- | I11: 43.3 | J11: 49.949 | K11: 49.952 | L11: 49.954 | M11: ---
A12: 46211.703 | B12: 226.145 | C12: 226.188 | D12: 226.188 | E12: 226.277 | F12: 26.75 | G12: 58.43 | H12: --- | I12: 77.75 | J12: 49.943 | K12: 49.945 | L12: 49.948 | M12: ---
A13: 46211.703 | B13: 226.211 | C13: 226.258 | D13: 226.258 | E13: 226.299 | F13: 17.21 | G13: 39.24 | H13: --- | I13: 60.83 | J13: 49.938 | K13: 49.941 | L13: 49.943 | M13: ---
... A376: 46211.707 | B376: 226.829 | C376: 226.843 | D376: 226.843 | E376: 226.851 | F376: 25.81 | G376: 48.11 | H376: --- | I376: 59.4 | J376: 49.909 | K376: 49.911 | L376: 49.914 | M376: ---
A377: 46211.707 | B377: 226.787 | C377: 226.848 | D377: 226.848 | E377: 226.899 | F377: 35.12 | G377: 95.7 | H377: 163.688 | I377: 163.69 | J377: 49.906 | K377: 49.907 | L377: 49.908 | M377: ---
A378: 46211.707 | B378: 226.755 | C378: 226.802 | D378: 226.802 | E378: 226.883 | F378: 42.73 | G378: 73.34 | H378: --- | I378: 128.28 | J378: 49.896 | K378: 49.901 | L378: 49.904 | M378: ---
A379: 46211.707 | B379: 226.714 | C379: 226.748 | D379: 226.748 | E379: 226.822 | F379: 30.62 | G379: 65.44 | H379: --- | I379: 105.6 | J379: 49.891 | K379: 49.893 | L379: 49.894 | M379: ---
A380: 46211.707 | B380: 226.816 | C380: 226.879 | D380: 226.879 | E380: 226.915 | F380: 27.66 | G380: 94.64 | H380: 155.969 | I380: 155.97 | J380: 49.891 | K380: 49.892 | L380: 49.893 | M380: ---
A381: 46211.707 | B381: 226.939 | C381: 227.03 | D381: 227.03 | E381: 227.125 | F381: 74.51 | G381: 113.44 | H381: 158.636 | I381: 158.64 | J381: 49.893 | K381: 49.896 | L381: 49.898 | M381: ---
A382: 46211.707 | B382: 227.117 | C382: 227.174 | D382: 227.174 | E382: 227.217 | F382: 28.96 | G382: 42.26 | H382: --- | I382: 58.35 | J382: 49.899 | K382: 49.9 | L382: 49.902 | M382: ---
A383: 46211.707 | B383: 227.035 | C383: 227.135 | D383: 227.135 | E383: 227.241 | F383: 24.84 | G383: 65.6 | H383: --- | I383: 109.28 | J383: 49.902 | K383: 49.902 | L383: 49.903 | M383: ---
A384: 46211.707 | B384: 226.99 | C384: 227.063 | D384: 227.063 | E384: 227.112 | F384: 25.81 | G384: 39.17 | H384: --- | I384: 56.85 | J384: 49.899 | K384: 49.9 | L384: 49.903 | M384: ---
A385: 46211.707 | B385: 226.913 | C385: 226.972 | D385: 226.972 | E385: 227.026 | F385: 31.8 | G385: 55.67 | H385: --- | I385: 70.25 | J385: 49.893 | K385: 49.896 | L385: 49.899 | M385: ---
A386: 46211.707 | B386: 226.838 | C386: 226.872 | D386: 226.872 | E386: 226.915 | F386: 27.66 | G386: 44.48 | H386: --- | I386: 56.63 | J386: 49.886 | K386: 49.888 | L386: 49.891 | M386: ---
A387: 46211.707 | B387: 226.904 | C387: 227.075 | D387: 227.075 | E387: 227.205 | F387: 20.48 | G387: 37.37 | H387: --- | I387: 52.57 | J387: 49.885 | K387: 49.886 | L387: 49.887 | M387: ---
A388: 46211.707 | B388: 227.132 | C388: 227.176 | D388: 227.176 | E388: 227.211 | F388: 17.91 | G388: 28.88 | H388: --- | I388: 43.02 | J388: 49.888 | K388: 49.89 | L388: 49.892 | M388: ---
A389: 46211.707 | B389: 226.975 | C389: 227.057 | D389: 227.057 | E389: 227.145 | F389: 17.91 | G389: 26.38 | H389: --- | I389: 33.69 | J389: 49.892 | K389: 49.893 | L389: 49.894 | M389: ---
A390: 46211.707 | B390: 226.885 | C390: 226.925 | D390: 226.925 | E390: 226.966 | F390: 22.76 | G390: 48.82 | H390: --- | I390: 63.22 | J390: 49.893 | K390: 49.893 | L390: 49.894 | M390: ---
A391: 46211.707 | B391: 226.861 | C391: 226.945 | D391: 226.945 | E391: 227.05 | F391: 18.59 | G391: 25.23 | H391: --- | I391: 30.21 | J391: 49.89 | K391: 49.891 | L391: 49.892 | M391: ---
A392: 46211.707 | B392: 226.923 | C392: 227.024 | D392: 227.024 | E392: 227.098 | F392: 40.66 | G392: 58.39 | H392: --- | I392: 78.69 | J392: 49.891 | K392: 49.892 | L392: 49.892 | M392: ---
A393: 46211.707 | B393: 226.813 | C393: 226.877 | D393: 226.877 | E393: 226.925 | F393: 30.62 | G393: 52.05 | H393: --- | I393: 70.25 | J393: 49.884 | K393: 49.887 | L393: 49.889 | M393: ---
... A603: 46211.71 | B603: 227.227 | C603: 227.293 | D603: 227.293 | E603: 227.359 | F603: 21.65 | G603: 56.37 | H603: --- | I603: 74.67 | J603: 50.122 | K603: 50.125 | L603: 50.127 | M603: ---

Sheet 007
A1: Hora [UTC] | B1: U1(Min) [V] | C1: U1(Med) [V] | D1: U1(ProAct) [V] | E1: U1(Max) [V] | F1: I1(Min) [mA] | G1: I1(Med) [mA] | H1: I1(ProAct) [mA] | I1: I1(Max) [mA] | J1: f(Min) [Hz] | K1: f(ProAct) [Hz] | L1: f(Max) [Hz] | M1: PF1cap+(ProAct) []
A2: 46211.686 | B2: 226.078 | C2: 226.116 | D2: 226.116 | E2: 226.165 | F2: 152.37 | G2: 157.7 | H2: 157.7 | I2: 166.67 | J2: 50.067 | K2: 50.068 | L2: 50.069 | M2: ---
A3: 46211.686 | B3: 226.133 | C3: 226.166 | D3: 226.166 | E3: 226.224 | F3: 151.8 | G3: 156.9 | H3: 156.9 | I3: 164.36 | J3: 50.069 | K3: 50.069 | L3: 50.07 | M3: ---
A4: 46211.686 | B4: 226.089 | C4: 226.185 | D4: 226.185 | E4: 226.263 | F4: 154.54 | G4: 158.71 | H4: 158.71 | I4: 162.93 | J4: 50.071 | K4: 50.072 | L4: 50.074 | M4: ---
A5: 46211.686 | B5: 226.171 | C5: 226.188 | D5: 226.188 | E5: 226.212 | F5: 150.9 | G5: 156.06 | H5: 156.06 | I5: 162.33 | J5: 50.074 | K5: 50.077 | L5: 50.079 | M5: ---
A6: 46211.686 | B6: 226.166 | C6: 226.197 | D6: 226.197 | E6: 226.239 | F6: 150.33 | G6: 153.9 | H6: 153.9 | I6: 157.46 | J6: 50.078 | K6: 50.08 | L6: 50.082 | M6: ---
A7: 46211.686 | B7: 226.169 | C7: 226.228 | D7: 226.228 | E7: 226.266 | F7: 149.34 | G7: 154.35 | H7: 155.57 | I7: 158.09 | J7: 50.084 | K7: 50.087 | L7: 50.089 | M7: ---
A8: 46211.686 | B8: 226.102 | C8: 226.195 | D8: 226.195 | E8: 226.253 | F8: 153.34 | G8: 157.28 | H8: 157.28 | I8: 160.34 | J8: 50.089 | K8: 50.09 | L8: 50.092 | M8: ---
A9: 46211.686 | B9: 226.079 | C9: 226.143 | D9: 226.143 | E9: 226.216 | F9: 150.41 | G9: 160.55 | H9: 160.55 | I9: 171.99 | J9: 50.094 | K9: 50.095 | L9: 50.096 | M9: ---
A10: 46211.686 | B10: 226.089 | C10: 226.139 | D10: 226.139 | E10: 226.192 | F10: 153.18 | G10: 159.09 | H10: 159.09 | I10: 168.37 | J10: 50.095 | K10: 50.097 | L10: 50.098 | M10: ---
A11: 46211.686 | B11: 226.094 | C11: 226.123 | D11: 226.123 | E11: 226.168 | F11: 147.51 | G11: 153.11 | H11: 156.65 | I11: 163.61 | J11: 50.098 | K11: 50.099 | L11: 50.1 | M11: ---
A12: 46211.686 | B12: 226.085 | C12: 226.133 | D12: 226.133 | E12: 226.176 | F12: 158.79 | G12: 165.2 | H12: 165.2 | I12: 170.48 | J12: 50.101 | K12: 50.101 | L12: 50.102 | M12: ---
A13: 46211.686 | B13: 226.057 | C13: 226.129 | D13: 226.129 | E13: 226.173 | F13: 147.77 | G13: 160.84 | H13: 163.95 | I13: 171.85 | J13: 50.101 | K13: 50.102 | L13: 50.102 | M13: ---
... A99: 46211.687 | B99: 226.145 | C99: 226.246 | D99: 226.246 | E99: 226.318 | F99: 153.66 | G99: 161.47 | H99: 161.47 | I99: 170.7 | J99: 50.082 | K99: 50.084 | L99: 50.085 | M99: ---
A100: 46211.687 | B100: 226.098 | C100: 226.135 | D100: 226.135 | E100: 226.171 | F100: 252.3 | G100: 295.42 | H100: 295.42 | I100: 343.81 | J100: 50.078 | K100: 50.079 | L100: 50.081 | M100: 0.484
A101: 46211.687 | B101: 226.143 | C101: 226.214 | D101: 226.214 | E101: 226.308 | F101: 143.1 | G101: 185.52 | H101: 194.68 | I101: 268.41 | J101: 50.074 | K101: 50.076 | L101: 50.078 | M101: ---
A102: 46211.687 | B102: 226.264 | C102: 226.298 | D102: 226.298 | E102: 226.348 | F102: 142.93 | G102: 151.17 | H102: 155.52 | I102: 163.08 | J102: 50.073 | K102: 50.073 | L102: 50.074 | M102: ---
A103: 46211.687 | B103: 226.163 | C103: 226.223 | D103: 226.223 | E103: 226.271 | F103: 167.85 | G103: 275.37 | H103: 275.37 | I103: 344.85 | J103: 50.072 | K103: 50.072 | L103: 50.073 | M103: 0.474
A104: 46211.687 | B104: 226.109 | C104: 226.203 | D104: 226.203 | E104: 226.238 | F104: 142.24 | G104: 227.92 | H104: 312.75 | I104: 350.52 | J104: 50.07 | K104: 50.072 | L104: 50.072 | M104: 0.474
A105: 46211.687 | B105: 226.231 | C105: 226.28 | D105: 226.28 | E105: 226.368 | F105: 136.03 | G105: 143.99 | H105: 154.06 | I105: 154.06 | J105: 50.071 | K105: 50.071 | L105: 50.072 | M105: ---
A106: 46211.687 | B106: 226.275 | C106: 226.323 | D106: 226.323 | E106: 226.365 | F106: 132.45 | G106: 137.9 | H106: --- | I106: 142.32 | J106: 50.07 | K106: 50.07 | L106: 50.072 | M106: ---
A107: 46211.687 | B107: 226.199 | C107: 226.287 | D107: 226.287 | E107: 226.368 | F107: 129.05 | G107: 132.22 | H107: --- | I107: 135.3 | J107: 50.061 | K107: 50.065 | L107: 50.068 | M107: ---
A108: 46211.687 | B108: 226.252 | C108: 226.299 | D108: 226.299 | E108: 226.37 | F108: 132.63 | G108: 136.63 | H108: --- | I108: 140.23 | J108: 50.06 | K108: 50.06 | L108: 50.061 | M108: ---
A109: 46211.687 | B109: 226.249 | C109: 226.322 | D109: 226.322 | E109: 226.368 | F109: 135.67 | G109: 136.86 | H109: --- | I109: 137.92 | J109: 50.058 | K109: 50.059 | L109: 50.06 | M109: ---
A110: 46211.687 | B110: 226.293 | C110: 226.346 | D110: 226.346 | E110: 226.419 | F110: 137.02 | G110: 141.12 | H110: --- | I110: 146.76 | J110: 50.059 | K110: 50.059 | L110: 50.06 | M110: ---
A111: 46211.687 | B111: 226.273 | C111: 226.303 | D111: 226.303 | E111: 226.343 | F111: 128.28 | G111: 139.98 | H111: 153.34 | I111: 153.34 | J111: 50.056 | K111: 50.057 | L111: 50.059 | M111: ---
A112: 46211.687 | B112: 226.126 | C112: 226.214 | D112: 226.214 | E112: 226.278 | F112: 142.75 | G112: 156.05 | H112: 168.7 | I112: 184.99 | J112: 50.052 | K112: 50.053 | L112: 50.055 | M112: ---
A113: 46211.687 | B113: 226.166 | C113: 226.214 | D113: 226.214 | E113: 226.269 | F113: 133.74 | G113: 143.08 | H113: 160.18 | I113: 160.18 | J113: 50.05 | K113: 50.05 | L113: 50.051 | M113: ---
A114: 46211.687 | B114: 226.085 | C114: 226.208 | D114: 226.208 | E114: 226.253 | F114: 128.28 | G114: 146.95 | H114: 168.41 | I114: 180.53 | J114: 50.047 | K114: 50.048 | L114: 50.048 | M114: ---
A115: 46211.687 | B115: 226.153 | C115: 226.204 | D115: 226.204 | E115: 226.279 | F115: 140.75 | G115: 250.57 | H115: 271.16 | I115: 346.99 | J115: 50.048 | K115: 50.049 | L115: 50.049 | M115: 0.482
A116: 46211.687 | B116: 226.03 | C116: 226.111 | D116: 226.111 | E116: 226.154 | F116: 148.68 | G116: 267.12 | H116: 289.24 | I116: 346.7 | J116: 50.048 | K116: 50.048 | L116: 50.048 | M116: 0.482
A117: 46211.687 | B117: 226.119 | C117: 226.367 | D117: 226.367 | E117: 226.493 | F117: 132.35 | G117: 145.85 | H117: 161.41 | I117: 167.93 | J117: 50.048 | K117: 50.053 | L117: 50.058 | M117: ---
A118: 46211.687 | B118: 226.501 | C118: 226.536 | D118: 226.536 | E118: 226.575 | F118: 141.98 | G118: 176.65 | H118: 184.3 | I118: 238.01 | J118: 50.059 | K118: 50.062 | L118: 50.066 | M118: ---
A119: 46211.687 | B119: 226.505 | C119: 226.557 | D119: 226.557 | E119: 226.605 | F119: 148.1 | G119: 190.93 | H119: 200.21 | I119: 226.42 | J119: 50.068 | K119: 50.073 | L119: 50.077 | M119: ---
A120: 46211.687 | B120: 226.482 | C120: 226.513 | D120: 226.513 | E120: 226.562 | F120: 203.16 | G120: 228.55 | H120: 228.55 | I120: 243.99 | J120: 50.08 | K120: 50.085 | L120: 50.091 | M120: ---
A121: 46211.687 | B121: 226.496 | C121: 226.538 | D121: 226.538 | E121: 226.597 | F121: 143.27 | G121: 179.48 | H121: 187.44 | I121: 222.69 | J121: 50.093 | K121: 50.097 | L121: 50.101 | M121: ---
A122: 46211.687 | B122: 226.491 | C122: 226.546 | D122: 226.546 | E122: 226.624 | F122: 232.18 | G122: 234.54 | H122: 234.54 | I122: 238.57 | J122: 50.103 | K122: 50.107 | L122: 50.111 | M122: ---
A123: 46211.687 | B123: 226.494 | C123: 226.519 | D123: 226.519 | E123: 226.531 | F123: 135.03 | G123: 174.84 | H123: 217.53 | I123: 231.22 | J123: 50.111 | K123: 50.113 | L123: 50.115 | M123: ---
A124: 46211.687 | B124: 226.454 | C124: 226.497 | D124: 226.497 | E124: 226.533 | F124: 156.52 | G124: 202.98 | H124: 202.98 | I124: 223.74 | J124: 50.115 | K124: 50.117 | L124: 50.119 | M124: ---
A125: 46211.687 | B125: 226.44 | C125: 226.501 | D125: 226.501 | E125: 226.552 | F125: 202.62 | G125: 211.19 | H125: 211.19 | I125: 218.16 | J125: 50.121 | K125: 50.123 | L125: 50.125 | M125: ---
A126: 46211.687 | B126: 226.453 | C126: 226.52 | D126: 226.52 | E126: 226.588 | F126: 200.66 | G126: 216.09 | H126: 216.09 | I126: 229.99 | J126: 50.125 | K126: 50.128 | L126: 50.13 | M126: ---
A127: 46211.687 | B127: 226.464 | C127: 226.505 | D127: 226.505 | E127: 226.547 | F127: 176.03 | G127: 193.31 | H127: 193.31 | I127: 219.06 | J127: 50.131 | K127: 50.132 | L127: 50.133 | M127: ---
A128: 46211.687 | B128: 226.353 | C128: 226.425 | D128: 226.425 | E128: 226.481 | F128: 176.31 | G128: 187.56 | H128: 187.56 | I128: 201.89 | J128: 50.131 | K128: 50.132 | L128: 50.133 | M128: ---
... A140: 46211.688 | B140: 226.316 | C140: 226.394 | D140: 226.394 | E140: 226.453 | F140: 166.53 | G140: 179.5 | H140: 179.5 | I140: 191.22 | J140: 50.098 | K140: 50.101 | L140: 50.104 | M140: ---
A141: 46211.688 | B141: 226.244 | C141: 226.288 | D141: 226.288 | E141: 226.344 | F141: 157.86 | G141: 257.23 | H141: 257.23 | I141: 341.39 | J141: 50.085 | K141: 50.089 | L141: 50.095 | M141: 0.477
A142: 46211.688 | B142: 226.307 | C142: 226.366 | D142: 226.366 | E142: 226.426 | F142: 173.49 | G142: 183 | H142: 183 | I142: 191.47 | J142: 50.078 | K142: 50.08 | L142: 50.083 | M142: ---
A143: 46211.688 | B143: 226.245 | C143: 226.324 | D143: 226.324 | E143: 226.379 | F143: 285.38 | G143: 306.55 | H143: 306.55 | I143: 329.29 | J143: 50.07 | K143: 50.073 | L143: 50.076 | M143: 0.471
A144: 46211.688 | B144: 226.271 | C144: 226.307 | D144: 226.307 | E144: 226.352 | F144: 297.2 | G144: 318.24 | H144: 318.24 | I144: 336.63 | J144: 50.065 | K144: 50.067 | L144: 50.069 | M144: 0.482
A145: 46211.688 | B145: 226.304 | C145: 226.341 | D145: 226.341 | E145: 226.387 | F145: 344.17 | G145: 347.01 | H145: 347.01 | I145: 351.05 | J145: 50.064 | K145: 50.064 | L145: 50.065 | M145: 0.478
A146: 46211.688 | B146: 226.35 | C146: 226.413 | D146: 226.413 | E146: 226.491 | F146: 344.59 | G146: 346.79 | H146: 346.79 | I146: 348.86 | J146: 50.064 | K146: 50.066 | L146: 50.068 | M146: 0.475
A147: 46211.688 | B147: 226.386 | C147: 226.439 | D147: 226.439 | E147: 226.488 | F147: 343.2 | G147: 346.39 | H147: 346.39 | I147: 350.38 | J147: 50.069 | K147: 50.07 | L147: 50.072 | M147: 0.476
A148: 46211.688 | B148: 226.366 | C148: 226.42 | D148: 226.42 | E148: 226.465 | F148: 341 | G148: 344.34 | H148: 344.34 | I148: 348.58 | J148: 50.072 | K148: 50.073 | L148: 50.074 | M148: 0.476
A149: 46211.688 | B149: 226.346 | C149: 226.419 | D149: 226.419 | E149: 226.457 | F149: 339.91 | G149: 343.56 | H149: 343.56 | I149: 346.17 | J149: 50.073 | K149: 50.074 | L149: 50.075 | M149: 0.477
A150: 46211.688 | B150: 226.408 | C150: 226.469 | D150: 226.469 | E150: 226.516 | F150: 340.56 | G150: 343.61 | H150: 343.61 | I150: 347.45 | J150: 50.075 | K150: 50.077 | L150: 50.078 | M150: 0.476
A151: 46211.688 | B151: 226.472 | C151: 226.488 | D151: 226.488 | E151: 226.503 | F151: 338.2 | G151: 345.24 | H151: 345.24 | I151: 351.89 | J151: 50.079 | K151: 50.08 | L151: 50.082 | M151: 0.468
A152: 46211.688 | B152: 226.415 | C152: 226.447 | D152: 226.447 | E152: 226.468 | F152: 331.38 | G152: 339.34 | H152: 339.34 | I152: 346.88 | J152: 50.081 | K152: 50.082 | L152: 50.082 | M152: 0.478
A153: 46211.688 | B153: 226.413 | C153: 226.419 | D153: 226.419 | E153: 226.423 | F153: 334.75 | G153: 337.57 | H153: 337.57 | I153: 341.47 | J153: 50.082 | K153: 50.082 | L153: 50.082 | M153: 0.478
A154: 46211.688 | B154: 226.397 | C154: 226.427 | D154: 226.427 | E154: 226.448 | F154: 329.07 | G154: 336.5 | H154: 336.5 | I154: 340.96 | J154: 50.081 | K154: 50.081 | L154: 50.082 | M154: 0.475
... A165: 46211.688 | B165: 226.414 | C165: 226.476 | D165: 226.476 | E165: 226.502 | F165: 314.34 | G165: 321.18 | H165: 321.18 | I165: 325.26 | J165: 50.1 | K165: 50.1 | L165: 50.1 | M165: 0.477
A166: 46211.688 | B166: 226.53 | C166: 226.575 | D166: 226.575 | E166: 226.626 | F166: 266.52 | G166: 278.97 | H166: 278.97 | I166: 287.96 | J166: 50.096 | K166: 50.098 | L166: 50.1 | M166: ---
A167: 46211.688 | B167: 226.455 | C167: 226.553 | D167: 226.553 | E167: 226.603 | F167: 261.7 | G167: 273.67 | H167: 273.67 | I167: 281.29 | J167: 50.092 | K167: 50.093 | L167: 50.095 | M167: ---
A168: 46211.688 | B168: 226.576 | C168: 226.604 | D168: 226.604 | E168: 226.65 | F168: 275.62 | G168: 280.44 | H168: 280.44 | I168: 289.41 | J168: 50.088 | K168: 50.09 | L168: 50.091 | M168: ---
A169: 46211.688 | B169: 226.589 | C169: 226.61 | D169: 226.61 | E169: 226.641 | F169: 277.09 | G169: 288.54 | H169: 288.54 | I169: 295.49 | J169: 50.084 | K169: 50.086 | L169: 50.088 | M169: ---
A170: 46211.688 | B170: 226.596 | C170: 226.634 | D170: 226.634 | E170: 226.663 | F170: 276.29 | G170: 281.9 | H170: 281.9 | I170: 293.23 | J170: 50.081 | K170: 50.082 | L170: 50.084 | M170: ---
A171: 46211.688 | B171: 226.457 | C171: 226.576 | D171: 226.576 | E171: 226.674 | F171: 280.45 | G171: 285.03 | H171: 285.03 | I171: 288.43 | J171: 50.074 | K171: 50.078 | L171: 50.081 | M171: ---
A172: 46211.688 | B172: 226.457 | C172: 226.554 | D172: 226.554 | E172: 226.657 | F172: 280.01 | G172: 291.99 | H172: 291.99 | I172: 299.96 | J172: 50.065 | K172: 50.068 | L172: 50.072 | M172: ---
A173: 46211.688 | B173: 226.133 | C173: 226.307 | D173: 226.307 | E173: 226.425 | F173: 269.78 | G173: 277.86 | H173: 277.86 | I173: 282.21 | J173: 50.06 | K173: 50.062 | L173: 50.064 | M173: ---
A174: 46211.688 | B174: 226.338 | C174: 226.384 | D174: 226.384 | E174: 226.458 | F174: 273.82 | G174: 279.99 | H174: 279.99 | I174: 287.92 | J174: 50.055 | K174: 50.057 | L174: 50.059 | M174: ---
A175: 46211.688 | B175: 226.288 | C175: 226.354 | D175: 226.354 | E175: 226.412 | F175: 276.42 | G175: 284.68 | H175: 284.68 | I175: 294.11 | J175: 50.052 | K175: 50.053 | L175: 50.054 | M175: ---
A176: 46211.688 | B176: 226.328 | C176: 226.35 | D176: 226.35 | E176: 226.382 | F176: 284.43 | G176: 288.53 | H176: 288.53 | I176: 294.95 | J176: 50.047 | K176: 50.049 | L176: 50.051 | M176: ---
A177: 46211.688 | B177: 226.173 | C177: 226.292 | D177: 226.292 | E177: 226.358 | F177: 274.72 | G177: 283.13 | H177: 283.13 | I177: 290.69 | J177: 50.039 | K177: 50.043 | L177: 50.046 | M177: ---
... A263: 46211.689 | B263: 226.008 | C263: 226.052 | D263: 226.052 | E263: 226.095 | F263: 142.93 | G263: 152.29 | H263: 157.46 | I263: 162.48 | J263: 50.037 | K263: 50.037 | L263: 50.038 | M263: ---
A264: 46211.689 | B264: 226.146 | C264: 226.195 | D264: 226.195 | E264: 226.221 | F264: 124.38 | G264: 132.15 | H264: --- | I264: 146.59 | J264: 50.036 | K264: 50.036 | L264: 50.037 | M264: ---
A265: 46211.689 | B265: 226.125 | C265: 226.171 | D265: 226.171 | E265: 226.216 | F265: 145.41 | G265: 148.78 | H265: 151.6 | I265: 152.13 | J265: 50.034 | K265: 50.035 | L265: 50.035 | M265: ---
A266: 46211.689 | B266: 226.092 | C266: 226.157 | D266: 226.157 | E266: 226.205 | F266: 124.87 | G266: 141.61 | H266: 152.37 | I266: 152.37 | J266: 50.033 | K266: 50.034 | L266: 50.034 | M266: ---
A267: 46211.689 | B267: 226.138 | C267: 226.187 | D267: 226.187 | E267: 226.245 | F267: 123.98 | G267: 136.28 | H267: --- | I267: 145.49 | J267: 50.034 | K267: 50.036 | L267: 50.037 | M267: ---
A268: 46211.689 | B268: 226.147 | C268: 226.254 | D268: 226.254 | E268: 226.335 | F268: 127.41 | G268: 135.63 | H268: --- | I268: 149.51 | J268: 50.038 | K268: 50.041 | L268: 50.044 | M268: ---
A269: 46211.689 | B269: 226.33 | C269: 226.353 | D269: 226.353 | E269: 226.393 | F269: 152.29 | G269: 163.46 | H269: 163.46 | I269: 180.12 | J269: 50.044 | K269: 50.046 | L269: 50.05 | M269: ---
A270: 46211.689 | B270: 226.392 | C270: 226.405 | D270: 226.405 | E270: 226.413 | F270: 123.28 | G270: 144.93 | H270: 156.68 | I270: 161.79 | J270: 50.05 | K270: 50.053 | L270: 50.055 | M270: ---
A271: 46211.689 | B271: 226.355 | C271: 226.426 | D271: 226.426 | E271: 226.473 | F271: 171.49 | G271: 178.39 | H271: 178.39 | I271: 186.32 | J271: 50.055 | K271: 50.059 | L271: 50.062 | M271: ---
A272: 46211.689 | B272: 226.446 | C272: 226.49 | D272: 226.49 | E272: 226.534 | F272: 161.11 | G272: 173.92 | H272: 173.92 | I272: 197 | J272: 50.064 | K272: 50.068 | L272: 50.07 | M272: ---
A273: 46211.689 | B273: 226.483 | C273: 226.505 | D273: 226.505 | E273: 226.52 | F273: 160.34 | G273: 171.78 | H273: 171.78 | I273: 192.95 | J273: 50.072 | K273: 50.075 | L273: 50.078 | M273: ---
A274: 46211.689 | B274: 226.473 | C274: 226.499 | D274: 226.499 | E274: 226.544 | F274: 177.85 | G274: 191.19 | H274: 191.19 | I274: 198.68 | J274: 50.08 | K274: 50.083 | L274: 50.087 | M274: ---
A275: 46211.689 | B275: 226.486 | C275: 226.55 | D275: 226.55 | E275: 226.587 | F275: 180.53 | G275: 197.62 | H275: 197.62 | I275: 232.45 | J275: 50.087 | K275: 50.09 | L275: 50.093 | M275: ---
A276: 46211.689 | B276: 226.561 | C276: 226.575 | D276: 226.575 | E276: 226.597 | F276: 161.64 | G276: 188.8 | H276: 188.8 | I276: 207.07 | J276: 50.093 | K276: 50.093 | L276: 50.093 | M276: ---
A277: 46211.689 | B277: 226.587 | C277: 226.612 | D277: 226.612 | E277: 226.646 | F277: 157.46 | G277: 170.02 | H277: 170.02 | I277: 179.16 | J277: 50.094 | K277: 50.095 | L277: 50.096 | M277: ---
A278: 46211.689 | B278: 226.573 | C278: 226.599 | D278: 226.599 | E278: 226.62 | F278: 159.57 | G278: 166.93 | H278: 166.93 | I278: 182.03 | J278: 50.094 | K278: 50.095 | L278: 50.097 | M278: ---
A279: 46211.689 | B279: 226.601 | C279: 226.615 | D279: 226.615 | E279: 226.634 | F279: 174.06 | G279: 176.9 | H279: 176.9 | I279: 179.43 | J279: 50.09 | K279: 50.092 | L279: 50.093 | M279: ---
A280: 46211.689 | B280: 226.534 | C280: 226.598 | D280: 226.598 | E280: 226.645 | F280: 172.64 | G280: 180.04 | H280: 180.04 | I280: 186.58 | J280: 50.085 | K280: 50.086 | L280: 50.088 | M280: ---
... A313: 46211.69 | B313: 226.394 | C313: 226.406 | D313: 226.406 | E313: 226.43 | F313: 124.38 | G313: 140.33 | H313: 165.04 | I313: 165.04 | J313: 50.085 | K313: 50.086 | L313: 50.086 | M313: ---
A314: 46211.69 | B314: 226.373 | C314: 226.408 | D314: 226.408 | E314: 226.444 | F314: 124.38 | G314: 136.26 | H314: --- | I314: 142.84 | J314: 50.086 | K314: 50.086 | L314: 50.087 | M314: ---
A315: 46211.69 | B315: 226.293 | C315: 226.384 | D315: 226.384 | E315: 226.427 | F315: 123.18 | G315: 137.02 | H315: 151.96 | I315: 151.96 | J315: 50.083 | K315: 50.084 | L315: 50.085 | M315: ---
A316: 46211.69 | B316: 226.347 | C316: 226.388 | D316: 226.388 | E316: 226.425 | F316: 142.93 | G316: 150.38 | H316: 154.7 | I316: 158.4 | J316: 50.081 | K316: 50.082 | L316: 50.083 | M316: ---
A317: 46211.69 | B317: 226.404 | C317: 226.428 | D317: 226.428 | E317: 226.448 | F317: 147.68 | G317: 158.93 | H317: 161.62 | I317: 168.73 | J317: 50.078 | K317: 50.079 | L317: 50.08 | M317: ---
A318: 46211.69 | B318: 226.045 | C318: 226.304 | D318: 226.304 | E318: 226.436 | F318: 137.11 | G318: 141.45 | H318: --- | I318: 148.27 | J318: 50.073 | K318: 50.075 | L318: 50.078 | M318: ---
A319: 46211.69 | B319: 225.941 | C319: 226.194 | D319: 226.194 | E319: 226.314 | F319: 135.67 | G319: 142.84 | H319: --- | I319: 147.18 | J319: 50.066 | K319: 50.069 | L319: 50.071 | M319: ---
A320: 46211.69 | B320: 226.175 | C320: 226.228 | D320: 226.228 | E320: 226.281 | F320: 146.93 | G320: 153.35 | H320: 156.81 | I320: 162.55 | J320: 50.062 | K320: 50.062 | L320: 50.064 | M320: ---
A321: 46211.69 | B321: 226.135 | C321: 226.202 | D321: 226.202 | E321: 226.256 | F321: 150.25 | G321: 155.07 | H321: 155.07 | I321: 165.64 | J321: 50.056 | K321: 50.059 | L321: 50.061 | M321: ---
A322: 46211.69 | B322: 225.975 | C322: 226.12 | D322: 226.12 | E322: 226.264 | F322: 148.18 | G322: 169.26 | H322: 174.13 | I322: 196.56 | J322: 50.054 | K322: 50.055 | L322: 50.057 | M322: ---
A323: 46211.69 | B323: 226.213 | C323: 226.268 | D323: 226.268 | E323: 226.347 | F323: 186.32 | G323: 198.52 | H323: 198.52 | I323: 221.02 | J323: 50.051 | K323: 50.052 | L323: 50.054 | M323: ---
...

Sheet Pagina
A1: id_lectura | B1: codigo_medidor | C1: fecha_hora | D1: voltaje | E1: corriente | F1: potencia_kw | G1: energia_kwh | H1: payload_raw | I1: created_at | J1: frecuencia | K1: factor_potencia | L1: Voltaje | M1: energia_kwh | N1: Frecuencia | O1: Factor_Potencia | P1: corriente | Q1: potencia_kw
A2: 55882 | B2: ARDUINO_001 | C2: 46211.676 | D2: 227100000 | E2: 0.168000 | F2: 0.017300 | G2: 94147003 | H2: {"modo":"lote","codigo_medidor":"ARDUINO_001","fecha_hora":"2026-07-08 16:14:05","voltaje":227.099999999999994315658113919198513031005859375,"corriente":0.1680000000000000104360964314764714799821376800537109375,"potencia_kw":0.0172999999999999994060306818255412508733570575714111328125,"energia_kwh":94.1470029999999979963831719942390918731689453125,"frecuencia":50,"factor_potencia":0.450000000000000011102230246251565404236316680908203125,"duracion_medicion_ms":62,"ip":"158.170.24.54"} | I2: 46211.635 | J2: 50000000 | K2: 0.450000 | L2: =+D2/1000000 -> 227.1 | M2: =+G2/1000000 -> 94.147003 | N2: =+J2/1000000 -> 50 | O2: =SUBSTITUTE(K2,".",",") -> 0,450000 | P2: =SUBSTITUTE(E2,".",",") -> 0,168000 | Q2: =SUBSTITUTE(F2,".",",") -> 0,017300
A3: 55883 | B3: ARDUINO_001 | C3: 46211.676 | D3: 227100000 | E3: 0.168000 | F3: 0.017300 | G3: 94147003 | H3: {"modo":"lote","codigo_medidor":"ARDUINO_001","fecha_hora":"2026-07-08 16:14:06","voltaje":227.099999999999994315658113919198513031005859375,"corriente":0.1680000000000000104360964314764714799821376800537109375,"potencia_kw":0.0172999999999999994060306818255412508733570575714111328125,"energia_kwh":94.1470029999999979963831719942390918731689453125,"frecuencia":50,"factor_potencia":0.450000000000000011102230246251565404236316680908203125,"duracion_medicion_ms":63,"ip":"158.170.24.54"} | I3: 46211.635 | J3: 50000000 | K3: 0.450000 | L3: 227.1 | M3: 94.147003 | N3: 50 | O3: =SUBSTITUTE(K3,".",",") -> 0,450000 | P3: 0,168000 | Q3: 0,017300
A4: 55884 | B4: ARDUINO_001 | C4: 46211.676 | D4: 227100000 | E4: 0.171000 | F4: 0.017400 | G4: 94147003 | H4: {"modo":"lote","codigo_medidor":"ARDUINO_001","fecha_hora":"2026-07-08 16:14:07","voltaje":227.099999999999994315658113919198513031005859375,"corriente":0.1710000000000000131006316905768471769988536834716796875,"potencia_kw":0.0173999999999999988009591334048309363424777984619140625,"energia_kwh":94.1470029999999979963831719942390918731689453125,"frecuencia":50,"factor_potencia":0.450000000000000011102230246251565404236316680908203125,"duracion_medicion_ms":60,"ip":"158.170.24.54"} | I4: 46211.635 | J4: 50000000 | K4: 0.450000 | L4: 227.1 | M4: 94.147003 | N4: 50 | O4: =SUBSTITUTE(K4,".",",") -> 0,450000 | P4: 0,171000 | Q4: 0,017400
A5: 55885 | B5: ARDUINO_001 | C5: 46211.676 | D5: 227100000 | E5: 0.168000 | F5: 0.017200 | G5: 94147003 | H5: {"modo":"lote","codigo_medidor":"ARDUINO_001","fecha_hora":"2026-07-08 16:14:08","voltaje":227.099999999999994315658113919198513031005859375,"corriente":0.1680000000000000104360964314764714799821376800537109375,"potencia_kw":0.017200000000000000011102230246251565404236316680908203125,"energia_kwh":94.1470029999999979963831719942390918731689453125,"frecuencia":50,"factor_potencia":0.450000000000000011102230246251565404236316680908203125,"duracion_medicion_ms":62,"ip":"158.170.24.54"} | I5: 46211.635 | J5: 50000000 | K5: 0.450000 | L5: 227.1 | M5: 94.147003 | N5: 50 | O5: =SUBSTITUTE(K5,".",",") -> 0,450000 | P5: 0,168000 | Q5: 0,017200
A6: 55886 | B6: ARDUINO_001 | C6: 46211.676 | D6: 227100000 | E6: 0.171000 | F6: 0.017600 | G6: 94147003 | H6: {"modo":"lote","codigo_medidor":"ARDUINO_001","fecha_hora":"2026-07-08 16:14:09","voltaje":227.099999999999994315658113919198513031005859375,"corriente":0.1710000000000000131006316905768471769988536834716796875,"potencia_kw":0.0176000000000000010602629885170244961045682430267333984375,"energia_kwh":94.1470029999999979963831719942390918731689453125,"frecuencia":50,"factor_potencia":0.450000000000000011102230246251565404236316680908203125,"duracion_medicion_ms":63,"ip":"158.170.24.54"} | I6: 46211.635 | J6: 50000000 | K6: 0.450000 | L6: 227.1 | M6: 94.147003 | N6: 50 | O6: =SUBSTITUTE(K6,".",",") -> 0,450000 | P6: 0,171000 | Q6: 0,017600
A7: 55887 | B7: ARDUINO_001 | C7: 46211.677 | D7: 227100000 | E7: 0.171000 | F7: 0.017600 | G7: 94147003 | H7: {"modo":"lote","codigo_medidor":"ARDUINO_001","fecha_hora":"2026-07-08 16:14:10","voltaje":227.099999999999994315658113919198513031005859375,"corriente":0.1710000000000000131006316905768471769988536834716796875,"potencia_kw":0.0176000000000000010602629885170244961045682430267333984375,"energia_kwh":94.1470029999999979963831719942390918731689453125,"frecuencia":50,"factor_potencia":0.450000000000000011102230246251565404236316680908203125,"duracion_medicion_ms":60,"ip":"158.170.24.54"} | I7: 46211.635 | J7: 50000000 | K7: 0.450000 | L7: 227.1 | M7: 94.147003 | N7: 50 | O7: =SUBSTITUTE(K7,".",",") -> 0,450000 | P7: 0,171000 | Q7: 0,017600
A8: 55888 | B8: ARDUINO_001 | C8: 46211.677 | D8: 227000000 | E8: 0.162000 | F8: 0.016700 | G8: 94147003 | H8: {"modo":"lote","codigo_medidor":"ARDUINO_001","fecha_hora":"2026-07-08 16:14:11","voltaje":227,"corriente":0.1620000000000000051070259132757200859487056732177734375,"potencia_kw":0.016699999999999999567013020396188949234783649444580078125,"energia_kwh":94.1470029999999979963831719942390918731689453125,"frecuencia":50,"factor_potencia":0.450000000000000011102230246251565404236316680908203125,"duracion_medicion_ms":62,"ip":"158.170.24.54"} | I8: 46211.635 | J8: 50000000 | K8: 0.450000 | L8: 227 | M8: 94.147003 | N8: 50 | O8: =SUBSTITUTE(K8,".",",") -> 0,450000 | P8: 0,162000 | Q8: 0,016700
A9: 55889 | B9: ARDUINO_001 | C9: 46211.677 | D9: 226900000 | E9: 0.182000 | F9: 0.018700 | G9: 94147003 | H9: {"modo":"lote","codigo_medidor":"ARDUINO_001","fecha_hora":"2026-07-08 16:14:12","voltaje":226.900000000000005684341886080801486968994140625,"corriente":0.181999999999999995115018691649311222136020660400390625,"potencia_kw":0.018700000000000001343369859796439413912594318389892578125,"energia_kwh":94.1470029999999979963831719942390918731689453125,"frecuencia":50,"factor_potencia":0.450000000000000011102230246251565404236316680908203125,"duracion_medicion_ms":63,"ip":"158.170.24.54"} | I9: 46211.635 | J9: 50000000 | K9: 0.450000 | L9: 226.9 | M9: 94.147003 | N9: 50 | O9: =SUBSTITUTE(K9,".",",") -> 0,450000 | P9: 0,182000 | Q9: 0,018700
A10: 55890 | B10: ARDUINO_001 | C10: 46211.677 | D10: 226900000 | E10: 0.164000 | F10: 0.016900 | G10: 94147003 | H10: {"modo":"lote","codigo_medidor":"ARDUINO_001","fecha_hora":"2026-07-08 16:14:13","voltaje":226.900000000000005684341886080801486968994140625,"corriente":0.1640000000000000068833827526759705506265163421630859375,"potencia_kw":0.0168999999999999983568699235547683201730251312255859375,"energia_kwh":94.1470029999999979963831719942390918731689453125,"frecuencia":50,"factor_potencia":0.450000000000000011102230246251565404236316680908203125,"duracion_medicion_ms":60,"ip":"158.170.24.54"} | I10: 46211.635 | J10: 50000000 | K10: 0.450000 | L10: 226.9 | M10: 94.147003 | N10: 50 | O10: =SUBSTITUTE(K10,".",",") -> 0,450000 | P10: 0,164000 | Q10: 0,016900
A11: 55891 | B11: ARDUINO_001 | C11: 46211.677 | D11: 226800000 | E11: 0.173000 | F11: 0.017600 | G11: 94147003 | H11: {"modo":"lote","codigo_medidor":"ARDUINO_001","fecha_hora":"2026-07-08 16:14:14","voltaje":226.80000000000001136868377216160297393798828125,"corriente":0.172999999999999987121412914348184131085872650146484375,"potencia_kw":0.0176000000000000010602629885170244961045682430267333984375,"energia_kwh":94.1470029999999979963831719942390918731689453125,"frecuencia":50,"factor_potencia":0.450000000000000011102230246251565404236316680908203125,"duracion_medicion_ms":62,"ip":"158.170.24.54"} | I11: 46211.635 | J11: 50000000 | K11: 0.450000 | L11: 226.8 | M11: 94.147003 | N11: 50 | O11: =SUBSTITUTE(K11,".",",") -> 0,450000 | P11: 0,173000 | Q11: 0,017600
A12: 55892 | B12: ARDUINO_001 | C12: 46211.677 | D12: 226800000 | E12: 0.173000 | F12: 0.017600 | G12: 94147003 | H12: {"modo":"lote","codigo_medidor":"ARDUINO_001","fecha_hora":"2026-07-08 16:14:15","voltaje":226.80000000000001136868377216160297393798828125,"corriente":0.172999999999999987121412914348184131085872650146484375,"potencia_kw":0.0176000000000000010602629885170244961045682430267333984375,"energia_kwh":94.1470029999999979963831719942390918731689453125,"frecuencia":50,"factor_potencia":0.450000000000000011102230246251565404236316680908203125,"duracion_medicion_ms":64,"ip":"158.170.24.54"} | I12: 46211.635 | J12: 50000000 | K12: 0.450000 | L12: 226.8 | M12: 94.147003 | N12: 50 | O12: =SUBSTITUTE(K12,".",",") -> 0,450000 | P12: 0,173000 | Q12: 0,017600
A13: 55893 | B13: ARDUINO_001 | C13: 46211.677 | D13: 226900000 | E13: 0.173000 | F13: 0.017600 | G13: 94147003 | H13: {"modo":"lote","codigo_medidor":"ARDUINO_001","fecha_hora":"2026-07-08 16:14:16","voltaje":226.900000000000005684341886080801486968994140625,"corriente":0.172999999999999987121412914348184131085872650146484375,"potencia_kw":0.0176000000000000010602629885170244961045682430267333984375,"energia_kwh":94.1470029999999979963831719942390918731689453125,"frecuencia":50,"factor_potencia":0.450000000000000011102230246251565404236316680908203125,"duracion_medicion_ms":70,"ip":"158.170.24.54"} | I13: 46211.635 | J13: 50000000 | K13: 0.450000 | L13: 226.9 | M13: 94.147003 | N13: 50 | O13: =SUBSTITUTE(K13,".",",") -> 0,450000 | P13: 0,173000 | Q13: 0,017600
A14: 55894 | B14: ARDUINO_001 | C14: 46211.677 | D14: 227000000 | E14: 0.186000 | F14: 0.018800 | G14: 94147003 | H14: {"modo":"lote","codigo_medidor":"ARDUINO_001","fecha_hora":"2026-07-08 16:14:17","voltaje":227,"corriente":0.185999999999999998667732370449812151491641998291015625,"potencia_kw":0.0188000000000000007382983113757290993817150592803955078125,"energia_kwh":94.1470029999999979963831719942390918731689453125,"frecuencia":50,"factor_potencia":0.450000000000000011102230246251565404236316680908203125,"duracion_medicion_ms":62,"ip":"158.170.24.54"} | I14: 46211.635 | J14: 50000000 | K14: 0.450000 | L14: 227 | M14: 94.147003 | N14: 50 | O14: =SUBSTITUTE(K14,".",",") -> 0,450000 | P14: 0,186000 | Q14: 0,018800
... A2215: 58095 | B2215: ARDUINO_001 | C2215: 46211.702 | D2215: 227200000 | E2215: 0.141000 | F2215: 0.013900 | G2215: 94158997 | H2215: {"modo":"lote","codigo_medidor":"ARDUINO_001","fecha_hora":"2026-07-08 16:51:28","voltaje":227.19999999999998863131622783839702606201171875,"corriente":0.1409999999999999864552790995730902068316936492919921875,"potencia_kw":0.0138999999999999991617816164080068119801580905914306640625,"energia_kwh":94.15899699999999938881956040859222412109375,"frecuencia":49.89999999999999857891452847979962825775146484375,"factor_potencia":0.429999999999999993338661852249060757458209991455078125,"duracion_medicion_ms":62,"ip":"158.170.24.54"} | I2215: 46211.661 | J2215: 49900000 | K2215: 0.430000 | L2215: 227.2 | M2215: 94.158997 | N2215: 49.9 | O2215: =SUBSTITUTE(K2215,".",",") -> 0,430000 | P2215: 0,141000 | Q2215: 0,013900
A2216: 58096 | B2216: ARDUINO_001 | C2216: 46211.702 | D2216: 227200000 | E2216: 0.000000 | F2216: 0.000900 | G2216: 94158997 | H2216: {"modo":"lote","codigo_medidor":"ARDUINO_001","fecha_hora":"2026-07-08 16:51:30","voltaje":227.19999999999998863131622783839702606201171875,"corriente":0,"potencia_kw":0.00089999999999999997536692664112933925935067236423492431640625,"energia_kwh":94.15899699999999938881956040859222412109375,"frecuencia":49.89999999999999857891452847979962825775146484375,"factor_potencia":1,"duracion_medicion_ms":63,"ip":"158.170.24.54"} | I2216: 46211.661 | J2216: 49900000 | K2216: 1 | L2216: 227.2 | M2216: 94.158997 | N2216: 49.9 | O2216: =SUBSTITUTE(K2216,".",",") -> 1 | P2216: 0,000000 | Q2216: 0,000900
A2217: 58097 | B2217: ARDUINO_001 | C2217: 46211.702 | D2217: 227200000 | E2217: 0.000000 | F2217: 0.000900 | G2217: 94158997 | H2217: {"modo":"lote","codigo_medidor":"ARDUINO_001","fecha_hora":"2026-07-08 16:51:30","voltaje":227.19999999999998863131622783839702606201171875,"corriente":0,"potencia_kw":0.00089999999999999997536692664112933925935067236423492431640625,"energia_kwh":94.15899699999999938881956040859222412109375,"frecuencia":49.89999999999999857891452847979962825775146484375,"factor_potencia":1,"duracion_medicion_ms":60,"ip":"158.170.24.54"} | I2217: 46211.661 | J2217: 49900000 | K2217: 1 | L2217: 227.2 | M2217: 94.158997 | N2217: 49.9 | O2217: =SUBSTITUTE(K2217,".",",") -> 1 | P2217: 0,000000 | Q2217: 0,000900
A2218: 58098 | B2218: ARDUINO_001 | C2218: 46211.702 | D2218: 227200000 | E2218: 0.000000 | F2218: 0.000800 | G2218: 94158997 | H2218: {"modo":"lote","codigo_medidor":"ARDUINO_001","fecha_hora":"2026-07-08 16:51:31","voltaje":227.19999999999998863131622783839702606201171875,"corriente":0,"potencia_kw":0.000800000000000000038337388819087436786503531038761138916015625,"energia_kwh":94.15899699999999938881956040859222412109375,"frecuencia":49.89999999999999857891452847979962825775146484375,"factor_potencia":1,"duracion_medicion_ms":61,"ip":"158.170.24.54"} | I2218: 46211.661 | J2218: 49900000 | K2218: 1 | L2218: 227.2 | M2218: 94.158997 | N2218: 49.9 | O2218: =SUBSTITUTE(K2218,".",",") -> 1 | P2218: 0,000000 | Q2218: 0,000800
A2219: 58099 | B2219: ARDUINO_001 | C2219: 46211.702 | D2219: 227100000 | E2219: 0.000000 | F2219: 0.000700 | G2219: 94158997 | H2219: {"modo":"lote","codigo_medidor":"ARDUINO_001","fecha_hora":"2026-07-08 16:51:33","voltaje":227.099999999999994315658113919198513031005859375,"corriente":0,"potencia_kw":0.000699999999999999992887633748495090912911109626293182373046875,"energia_kwh":94.15899699999999938881956040859222412109375,"frecuencia":49.89999999999999857891452847979962825775146484375,"factor_potencia":1,"duracion_medicion_ms":63,"ip":"158.170.24.54"} | I2219: 46211.661 | J2219: 49900000 | K2219: 1 | L2219: 227.1 | M2219: 94.158997 | N2219: 49.9 | O2219: =SUBSTITUTE(K2219,".",",") -> 1 | P2219: 0,000000 | Q2219: 0,000700
A2220: 58100 | B2220: ARDUINO_001 | C2220: 46211.702 | D2220: 227100000 | E2220: 0.000000 | F2220: 0.000800 | G2220: 94158997 | H2220: {"modo":"lote","codigo_medidor":"ARDUINO_001","fecha_hora":"2026-07-08 16:51:33","voltaje":227.099999999999994315658113919198513031005859375,"corriente":0,"potencia_kw":0.000800000000000000038337388819087436786503531038761138916015625,"energia_kwh":94.15899699999999938881956040859222412109375,"frecuencia":49.89999999999999857891452847979962825775146484375,"factor_potencia":1,"duracion_medicion_ms":60,"ip":"158.170.24.54"} | I2220: 46211.661 | J2220: 49900000 | K2220: 1 | L2220: 227.1 | M2220: 94.158997 | N2220: 49.9 | O2220: =SUBSTITUTE(K2220,".",",") -> 1 | P2220: 0,000000 | Q2220: 0,000800
A2221: 58101 | B2221: ARDUINO_001 | C2221: 46211.702 | D2221: 227100000 | E2221: 0.000000 | F2221: 0.000800 | G2221: 94158997 | H2221: {"modo":"lote","codigo_medidor":"ARDUINO_001","fecha_hora":"2026-07-08 16:51:34","voltaje":227.099999999999994315658113919198513031005859375,"corriente":0,"potencia_kw":0.000800000000000000038337388819087436786503531038761138916015625,"energia_kwh":94.15899699999999938881956040859222412109375,"frecuencia":49.89999999999999857891452847979962825775146484375,"factor_potencia":1,"duracion_medicion_ms":62,"ip":"158.170.24.54"} | I2221: 46211.661 | J2221: 49900000 | K2221: 1 | L2221: 227.1 | M2221: 94.158997 | N2221: 49.9 | O2221: =SUBSTITUTE(K2221,".",",") -> 1 | P2221: 0,000000 | Q2221: 0,000800
A2222: 58102 | B2222: ARDUINO_001 | C2222: 46211.702 | D2222: 227100000 | E2222: 0.000000 | F2222: 0.000700 | G2222: 94158997 | H2222: {"modo":"lote","codigo_medidor":"ARDUINO_001","fecha_hora":"2026-07-08 16:51:36","voltaje":227.099999999999994315658113919198513031005859375,"corriente":0,"potencia_kw":0.000699999999999999992887633748495090912911109626293182373046875,"energia_kwh":94.15899699999999938881956040859222412109375,"frecuencia":49.89999999999999857891452847979962825775146484375,"factor_potencia":1,"duracion_medicion_ms":63,"ip":"158.170.24.54"} | I2222: 46211.661 | J2222: 49900000 | K2222: 1 | L2222: 227.1 | M2222: 94.158997 | N2222: 49.9 | O2222: =SUBSTITUTE(K2222,".",",") -> 1 | P2222: 0,000000 | Q2222: 0,000700
A2223: 58103 | B2223: ARDUINO_001 | C2223: 46211.703 | D2223: 227000000 | E2223: 0.000000 | F2223: 0.000800 | G2223: 94158997 | H2223: {"modo":"lote","codigo_medidor":"ARDUINO_001","fecha_hora":"2026-07-08 16:51:37","voltaje":227,"corriente":0,"potencia_kw":0.000800000000000000038337388819087436786503531038761138916015625,"energia_kwh":94.15899699999999938881956040859222412109375,"frecuencia":49.89999999999999857891452847979962825775146484375,"factor_potencia":1,"duracion_medicion_ms":65,"ip":"158.170.24.54"} | I2223: 46211.661 | J2223: 49900000 | K2223: 1 | L2223: 227 | M2223: 94.158997 | N2223: 49.9 | O2223: =SUBSTITUTE(K2223,".",",") -> 1 | P2223: 0,000000 | Q2223: 0,000800
A2224: 58104 | B2224: ARDUINO_001 | C2224: 46211.703 | D2224: 226900000 | E2224: 0.000000 | F2224: 0.000500 | G2224: 94158997 | H2224: {"modo":"lote","codigo_medidor":"ARDUINO_001","fecha_hora":"2026-07-08 16:51:37","voltaje":226.900000000000005684341886080801486968994140625,"corriente":0,"potencia_kw":0.0005000000000000000104083408558608425664715468883514404296875,"energia_kwh":94.15899699999999938881956040859222412109375,"frecuencia":49.89999999999999857891452847979962825775146484375,"factor_potencia":1,"duracion_medicion_ms":62,"ip":"158.170.24.54"} | I2224: 46211.661 | J2224: 49900000 | K2224: 1 | L2224: 226.9 | M2224: 94.158997 | N2224: 49.9 | O2224: =SUBSTITUTE(K2224,".",",") -> 1 | P2224: 0,000000 | Q2224: 0,000500
A2225: 58105 | B2225: ARDUINO_001 | C2225: 46211.703 | D2225: 226900000 | E2225: 0.000000 | F2225: 0.000500 | G2225: 94158997 | H2225: {"modo":"lote","codigo_medidor":"ARDUINO_001","fecha_hora":"2026-07-08 16:51:39","voltaje":226.900000000000005684341886080801486968994140625,"corriente":0,"potencia_kw":0.0005000000000000000104083408558608425664715468883514404296875,"energia_kwh":94.15899699999999938881956040859222412109375,"frecuencia":49.89999999999999857891452847979962825775146484375,"factor_potencia":1,"duracion_medicion_ms":63,"ip":"158.170.24.54"} | I2225: 46211.661 | J2225: 49900000 | K2225: 1 | L2225: 226.9 | M2225: 94.158997 | N2225: 49.9 | O2225: =SUBSTITUTE(K2225,".",",") -> 1 | P2225: 0,000000 | Q2225: 0,000500
A2226: 58106 | B2226: ARDUINO_001 | C2226: 46211.703 | D2226: 226900000 | E2226: 0.000000 | F2226: 0.000500 | G2226: 94158997 | H2226: {"modo":"lote","codigo_medidor":"ARDUINO_001","fecha_hora":"2026-07-08 16:51:40","voltaje":226.900000000000005684341886080801486968994140625,"corriente":0,"potencia_kw":0.0005000000000000000104083408558608425664715468883514404296875,"energia_kwh":94.15899699999999938881956040859222412109375,"frecuencia":49.89999999999999857891452847979962825775146484375,"factor_potencia":1,"duracion_medicion_ms":69,"ip":"158.170.24.54"} | I2226: 46211.661 | J2226: 49900000 | K2226: 1 | L2226: 226.9 | M2226: 94.158997 | N2226: 49.9 | O2226: =SUBSTITUTE(K2226,".",",") -> 1 | P2226: 0,000000 | Q2226: 0,000500
A2227: 58107 | B2227: ARDUINO_001 | C2227: 46211.703 | D2227: 227200000 | E2227: 0.000000 | F2227: 0.000800 | G2227: 94158997 | H2227: {"modo":"lote","codigo_medidor":"ARDUINO_001","fecha_hora":"2026-07-08 16:51:40","voltaje":227.19999999999998863131622783839702606201171875,"corriente":0,"potencia_kw":0.000800000000000000038337388819087436786503531038761138916015625,"energia_kwh":94.15899699999999938881956040859222412109375,"frecuencia":49.89999999999999857891452847979962825775146484375,"factor_potencia":1,"duracion_medicion_ms":61,"ip":"158.170.24.54"} | I2227: 46211.661 | J2227: 49900000 | K2227: 1 | L2227: 227.2 | M2227: 94.158997 | N2227: 49.9 | O2227: =SUBSTITUTE(K2227,".",",") -> 1 | P2227: 0,000000 | Q2227: 0,000800
... A4301: 60181 | B4301: ARDUINO_001 | C4301: 46211.727 | D4301: 228400000 | E4301: 0.000000 | F4301: 0.000900 | G4301: 94158997 | H4301: {"modo":"lote","codigo_medidor":"ARDUINO_001","fecha_hora":"2026-07-08 17:26:14","voltaje":228.400000000000005684341886080801486968994140625,"corriente":0,"potencia_kw":0.00089999999999999997536692664112933925935067236423492431640625,"energia_kwh":94.15899699999999938881956040859222412109375,"frecuencia":50,"factor_potencia":1,"duracion_medicion_ms":62,"ip":"158.170.24.54"} | I4301: 46211.685 | J4301: 50000000 | K4301: 1 | L4301: 228.4 | M4301: 94.158997 | N4301: 50 | O4301: =SUBSTITUTE(K4301,".",",") -> 1 | P4301: 0,000000 | Q4301: 0,000900
A4302: 60182 | B4302: ARDUINO_001 | C4302: 46211.727 | D4302: 228400000 | E4302: 0.000000 | F4302: 0.000000 | G4302: 94158997 | H4302: {"modo":"lote","codigo_medidor":"ARDUINO_001","fecha_hora":"2026-07-08 17:26:16","voltaje":228.400000000000005684341886080801486968994140625,"corriente":0,"potencia_kw":0,"energia_kwh":94.15899699999999938881956040859222412109375,"frecuencia":50,"factor_potencia":0,"duracion_medicion_ms":64,"ip":"158.170.24.54"} | I4302: 46211.685 | J4302: 50000000 | K4302: 0.000000 | L4302: 228.4 | M4302: 94.158997 | N4302: 50 | O4302: =SUBSTITUTE(K4302,".",",") -> 0,000000 | P4302: 0,000000 | Q4302: 0,000000
A4303: 60183 | B4303: ARDUINO_001 | C4303: 46211.727 | D4303: 228500000 | E4303: 0.000000 | F4303: 0.000700 | G4303: 94158997 | H4303: {"modo":"lote","codigo_medidor":"ARDUINO_001","fecha_hora":"2026-07-08 17:26:16","voltaje":228.5,"corriente":0,"potencia_kw":0.000699999999999999992887633748495090912911109626293182373046875,"energia_kwh":94.15899699999999938881956040859222412109375,"frecuencia":50,"factor_potencia":1,"duracion_medicion_ms":60,"ip":"158.170.24.54"} | I4303: 46211.685 | J4303: 50000000 | K4303: 1 | L4303: 228.5 | M4303: 94.158997 | N4303: 50 | O4303: =SUBSTITUTE(K4303,".",",") -> 1 | P4303: 0,000000 | Q4303: 0,000700
A4304: 60184 | B4304: ARDUINO_001 | C4304: 46211.727 | D4304: 228400000 | E4304: 0.000000 | F4304: 0.000800 | G4304: 94158997 | H4304: {"modo":"lote","codigo_medidor":"ARDUINO_001","fecha_hora":"2026-07-08 17:26:17","voltaje":228.400000000000005684341886080801486968994140625,"corriente":0,"potencia_kw":0.000800000000000000038337388819087436786503531038761138916015625,"energia_kwh":94.15899699999999938881956040859222412109375,"frecuencia":50,"factor_potencia":1,"duracion_medicion_ms":62,"ip":"158.170.24.54"} | I4304: 46211.685 | J4304: 50000000 | K4304: 1 | L4304: 228.4 | M4304: 94.158997 | N4304: 50 | O4304: =SUBSTITUTE(K4304,".",",") -> 1 | P4304: 0,000000 | Q4304: 0,000800
A4305: 60185 | B4305: ARDUINO_001 | C4305: 46211.727 | D4305: 228400000 | E4305: 0.000000 | F4305: 0.000800 | G4305: 94158997 | H4305: {"modo":"lote","codigo_medidor":"ARDUINO_001","fecha_hora":"2026-07-08 17:26:19","voltaje":228.400000000000005684341886080801486968994140625,"corriente":0,"potencia_kw":0.000800000000000000038337388819087436786503531038761138916015625,"energia_kwh":94.15899699999999938881956040859222412109375,"frecuencia":50,"factor_potencia":1,"duracion_medicion_ms":64,"ip":"158.170.24.54"} | I4305: 46211.685 | J4305: 50000000 | K4305: 1 | L4305: 228.4 | M4305: 94.158997 | N4305: 50 | O4305: =SUBSTITUTE(K4305,".",",") -> 1 | P4305: 0,000000 | Q4305: 0,000800
A4306: 60186 | B4306: ARDUINO_001 | C4306: 46211.727 | D4306: 228400000 | E4306: 0.000000 | F4306: 0.000600 | G4306: 94158997 | H4306: {"modo":"lote","codigo_medidor":"ARDUINO_001","fecha_hora":"2026-07-08 17:26:19","voltaje":228.400000000000005684341886080801486968994140625,"corriente":0,"potencia_kw":0.000599999999999999947437878677902745039318688213825225830078125,"energia_kwh":94.15899699999999938881956040859222412109375,"frecuencia":50,"factor_potencia":1,"duracion_medicion_ms":61,"ip":"158.170.24.54"} | I4306: 46211.685 | J4306: 50000000 | K4306: 1 | L4306: 228.4 | M4306: 94.158997 | N4306: 50 | O4306: =SUBSTITUTE(K4306,".",",") -> 1 | P4306: 0,000000 | Q4306: 0,000600
A4307: 60187 | B4307: ARDUINO_001 | C4307: 46211.727 | D4307: 228400000 | E4307: 0.000000 | F4307: 0.000800 | G4307: 94158997 | H4307: {"modo":"lote","codigo_medidor":"ARDUINO_001","fecha_hora":"2026-07-08 17:26:20","voltaje":228.400000000000005684341886080801486968994140625,"corriente":0,"potencia_kw":0.000800000000000000038337388819087436786503531038761138916015625,"energia_kwh":94.15899699999999938881956040859222412109375,"frecuencia":50,"factor_potencia":1,"duracion_medicion_ms":62,"ip":"158.170.24.54"} | I4307: 46211.685 | J4307: 50000000 | K4307: 1 | L4307: 228.4 | M4307: 94.158997 | N4307: 50 | O4307: =SUBSTITUTE(K4307,".",",") -> 1 | P4307: 0,000000 | Q4307: 0,000800
A4308: 60188 | B4308: ARDUINO_001 | C4308: 46211.727 | D4308: 228300000 | E4308: 0.000000 | F4308: 0.000400 | G4308: 94158997 | H4308: {"modo":"lote","codigo_medidor":"ARDUINO_001","fecha_hora":"2026-07-08 17:26:22","voltaje":228.30000000000001136868377216160297393798828125,"corriente":0,"potencia_kw":0.0004000000000000000191686944095437183932517655193805694580078125,"energia_kwh":94.15899699999999938881956040859222412109375,"frecuencia":50,"factor_potencia":1,"duracion_medicion_ms":64,"ip":"158.170.24.54"} | I4308: 46211.685 | J4308: 50000000 | K4308: 1 | L4308: 228.3 | M4308: 94.158997 | N4308: 50 | O4308: =SUBSTITUTE(K4308,".",",") -> 1 | P4308: 0,000000 | Q4308: 0,000400
A4309: 60189 | B4309: ARDUINO_001 | C4309: 46211.727 | D4309: 228300000 | E4309: 0.000000 | F4309: 0.000500 | G4309: 94158997 | H4309: {"modo":"lote","codigo_medidor":"ARDUINO_001","fecha_hora":"2026-07-08 17:26:22","voltaje":228.30000000000001136868377216160297393798828125,"corriente":0,"potencia_kw":0.0005000000000000000104083408558608425664715468883514404296875,"energia_kwh":94.15899699999999938881956040859222412109375,"frecuencia":50,"factor_potencia":1,"duracion_medicion_ms":61,"ip":"158.170.24.54"} | I4309: 46211.685 | J4309: 50000000 | K4309: 1 | L4309: 228.3 | M4309: 94.158997 | N4309: 50 | O4309: =SUBSTITUTE(K4309,".",",") -> 1 | P4309: 0,000000 | Q4309: 0,000500
A4310: 60190 | B4310: ARDUINO_001 | C4310: 46211.727 | D4310: 228300000 | E4310: 0.000000 | F4310: 0.000500 | G4310: 94158997 | H4310: {"modo":"lote","codigo_medidor":"ARDUINO_001","fecha_hora":"2026-07-08 17:26:24","voltaje":228.30000000000001136868377216160297393798828125,"corriente":0,"potencia_kw":0.0005000000000000000104083408558608425664715468883514404296875,"energia_kwh":94.15899699999999938881956040859222412109375,"frecuencia":50,"factor_potencia":1,"duracion_medicion_ms":67,"ip":"158.170.24.54"} | I4310: 46211.685 | J4310: 50000000 | K4310: 1 | L4310: 228.3 | M4310: 94.158997 | N4310: 50 | O4310: =SUBSTITUTE(K4310,".",",") -> 1 | P4310: 0,000000 | Q4310: 0,000500
A4311: 60191 | B4311: ARDUINO_001 | C4311: 46211.727 | D4311: 228200000 | E4311: 0.000000 | F4311: 0.000900 | G4311: 94158997 | H4311: {"modo":"lote","codigo_medidor":"ARDUINO_001","fecha_hora":"2026-07-08 17:26:25","voltaje":228.19999999999998863131622783839702606201171875,"corriente":0,"potencia_kw":0.00089999999999999997536692664112933925935067236423492431640625,"energia_kwh":94.15899699999999938881956040859222412109375,"frecuencia":50,"factor_potencia":1,"duracion_medicion_ms":64,"ip":"158.170.24.54"} | I4311: 46211.685 | J4311: 50000000 | K4311: 1 | L4311: 228.2 | M4311: 94.158997 | N4311: 50 | O4311: =SUBSTITUTE(K4311,".",",") -> 1 | P4311: 0,000000 | Q4311: 0,000900
A4312: 60192 | B4312: ARDUINO_001 | C4312: 46211.727 | D4312: 228300000 | E4312: 0.000000 | F4312: 0.000800 | G4312: 94158997 | H4312: {"modo":"lote","codigo_medidor":"ARDUINO_001","fecha_hora":"2026-07-08 17:26:25","voltaje":228.30000000000001136868377216160297393798828125,"corriente":0,"potencia_kw":0.000800000000000000038337388819087436786503531038761138916015625,"energia_kwh":94.15899699999999938881956040859222412109375,"frecuencia":50,"factor_potencia":1,"duracion_medicion_ms":61,"ip":"158.170.24.54"} | I4312: 46211.685 | J4312: 50000000 | K4312: 1 | L4312: 228.3 | M4312: 94.158997 | N4312: 50 | O4312: =SUBSTITUTE(K4312,".",",") -> 1 | P4312: 0,000000 | Q4312: 0,000800
A4313: 60193 | B4313: ARDUINO_001 | C4313: 46211.727 | D4313: 228300000 | E4313: 0.000000 | F4313: 0.000800 | G4313: 94158997 | H4313: {"modo":"lote","codigo_medidor":"ARDUINO_001","fecha_hora":"2026-07-08 17:26:26","voltaje":228.30000000000001136868377216160297393798828125,"corriente":0,"potencia_kw":0.000800000000000000038337388819087436786503531038761138916015625,"energia_kwh":94.15899699999999938881956040859222412109375,"frecuencia":50,"factor_potencia":1,"duracion_medicion_ms":62,"ip":"158.170.24.54"} | I4313: 46211.685 | J4313: 50000000 | K4313: 1 | L4313: 228.3 | M4313: 94.158997 | N4313: 50 | O4313: =SUBSTITUTE(K4313,".",",") -> 1 | P4313: 0,000000 | Q4313: 0,000800
A4314: 60194 | B4314: ARDUINO_001 | C4314: 46211.727 | D4314: 228300000 | E4314: 0.000000 | F4314: 0.000600 | G4314: 94158997 | H4314: {"modo":"lote","codigo_medidor":"ARDUINO_001","fecha_hora":"2026-07-08 17:26:28","voltaje":228.30000000000001136868377216160297393798828125,"corriente":0,"potencia_kw":0.000599999999999999947437878677902745039318688213825225830078125,"energia_kwh":94.15899699999999938881956040859222412109375,"frecuencia":50,"factor_potencia":1,"duracion_medicion_ms":64,"ip":"158.170.24.54"} | I4314: 46211.685 | J4314: 50000000 | K4314: 1 | L4314: 228.3 | M4314: 94.158997 | N4314: 50 | O4314: =SUBSTITUTE(K4314,".",",") -> 1 | P4314: 0,000000 | Q4314: 0,000600
... A4400: 60280 | B4400: ARDUINO_001 | C4400: 46211.728 | D4400: 228500000 | E4400: 0.000000 | F4400: 0.000500 | G4400: 94158997 | H4400: {"modo":"lote","codigo_medidor":"ARDUINO_001","fecha_hora":"2026-07-08 17:27:53","voltaje":228.5,"corriente":0,"potencia_kw":0.0005000000000000000104083408558608425664715468883514404296875,"energia_kwh":94.15899699999999938881956040859222412109375,"frecuencia":50,"factor_potencia":1,"duracion_medicion_ms":61,"ip":"158.170.24.54"} | I4400: 46211.686 | J4400: 50000000 | K4400: 1 | L4400: 228.5 | M4400: 94.158997 | N4400: 50 | O4400: =SUBSTITUTE(K4400,".",",") -> 1 | P4400: 0,000000 | Q4400: 0,000500
A4401: 60281 | B4401: ARDUINO_001 | C4401: 46211.728 | D4401: 228400000 | E4401: 0.000000 | F4401: 0.000000 | G4401: 94158997 | H4401: {"modo":"lote","codigo_medidor":"ARDUINO_001","fecha_hora":"2026-07-08 17:27:55","voltaje":228.400000000000005684341886080801486968994140625,"corriente":0,"potencia_kw":0,"energia_kwh":94.15899699999999938881956040859222412109375,"frecuencia":50,"factor_potencia":0,"duracion_medicion_ms":63,"ip":"158.170.24.54"} | I4401: 46211.686 | J4401: 50000000 | K4401: 0.000000 | L4401: 228.4 | M4401: 94.158997 | N4401: 50 | O4401: =SUBSTITUTE(K4401,".",",") -> 0,000000 | P4401: 0,000000 | Q4401: 0,000000
A4402: 60282 | B4402: ARDUINO_001 | C4402: 46211.728 | D4402: 228400000 | E4402: 0.000000 | F4402: 0.000000 | G4402: 94158997 | H4402: {"modo":"lote","codigo_medidor":"ARDUINO_001","fecha_hora":"2026-07-08 17:27:56","voltaje":228.400000000000005684341886080801486968994140625,"corriente":0,"potencia_kw":0,"energia_kwh":94.15899699999999938881956040859222412109375,"frecuencia":50,"factor_potencia":0,"duracion_medicion_ms":64,"ip":"158.170.24.54"} | I4402: 46211.686 | J4402: 50000000 | K4402: 0.000000 | L4402: 228.4 | M4402: 94.158997 | N4402: 50 | O4402: =SUBSTITUTE(K4402,".",",") -> 0,000000 | P4402: 0,000000 | Q4402: 0,000000
A4403: 60283 | B4403: ARDUINO_001 | C4403: 46211.728 | D4403: 228400000 | E4403: 0.000000 | F4403: 0.000600 | G4403: 94158997 | H4403: {"modo":"lote","codigo_medidor":"ARDUINO_001","fecha_hora":"2026-07-08 17:27:56","voltaje":228.400000000000005684341886080801486968994140625,"corriente":0,"potencia_kw":0.000599999999999999947437878677902745039318688213825225830078125,"energia_kwh":94.15899699999999938881956040859222412109375,"frecuencia":49.89999999999999857891452847979962825775146484375,"factor_potencia":1,"duracion_medicion_ms":61,"ip":"158.170.24.54"} | I4403: 46211.686 | J4403: 49900000 | K4403: 1 | L4403: 228.4 | M4403: 94.158997 | N4403: 49.9 | O4403: =SUBSTITUTE(K4403,".",",") -> 1 | P4403: 0,000000 | Q4403: 0,000600
A4404: 60284 | B4404: ARDUINO_001 | C4404: 46211.728 | D4404: 228400000 | E4404: 0.000000 | F4404: 0.000800 | G4404: 94158997 | H4404: {"modo":"lote","codigo_medidor":"ARDUINO_001","fecha_hora":"2026-07-08 17:27:58","voltaje":228.400000000000005684341886080801486968994140625,"corriente":0,"potencia_kw":0.000800000000000000038337388819087436786503531038761138916015625,"energia_kwh":94.15899699999999938881956040859222412109375,"frecuencia":49.89999999999999857891452847979962825775146484375,"factor_potencia":1,"duracion_medicion_ms":63,"ip":"158.170.24.54"} | I4404: 46211.686 | J4404: 49900000 | K4404: 1 | L4404: 228.4 | M4404: 94.158997 | N4404: 49.9 | O4404: =SUBSTITUTE(K4404,".",",") -> 1 | P4404: 0,000000 | Q4404: 0,000800
A4405: 60285 | B4405: ARDUINO_001 | C4405: 46211.728 | D4405: 228600000 | E4405: 0.000000 | F4405: 0.000700 | G4405: 94158997 | H4405: {"modo":"lote","codigo_medidor":"ARDUINO_001","fecha_hora":"2026-07-08 17:27:59","voltaje":228.599999999999994315658113919198513031005859375,"corriente":0,"potencia_kw":0.000699999999999999992887633748495090912911109626293182373046875,"energia_kwh":94.15899699999999938881956040859222412109375,"frecuencia":49.89999999999999857891452847979962825775146484375,"factor_potencia":1,"duracion_medicion_ms":64,"ip":"158.170.24.54"} | I4405: 46211.686 | J4405: 49900000 | K4405: 1 | L4405: 228.6 | M4405: 94.158997 | N4405: 49.9 | O4405: =SUBSTITUTE(K4405,".",",") -> 1 | P4405: 0,000000 | Q4405: 0,000700
A4406: 60286 | B4406: ARDUINO_001 | C4406: 46211.728 | D4406: 228600000 | E4406: 0.000000 | F4406: 0.000700 | G4406: 94158997 | H4406: {"modo":"lote","codigo_medidor":"ARDUINO_001","fecha_hora":"2026-07-08 17:27:59","voltaje":228.599999999999994315658113919198513031005859375,"corriente":0,"potencia_kw":0.000699999999999999992887633748495090912911109626293182373046875,"energia_kwh":94.15899699999999938881956040859222412109375,"frecuencia":49.89999999999999857891452847979962825775146484375,"factor_potencia":1,"duracion_medicion_ms":61,"ip":"158.170.24.54"} | I4406: 46211.686 | J4406: 49900000 | K4406: 1 | L4406: 228.6 | M4406: 94.158997 | N4406: 49.9 | O4406: =SUBSTITUTE(K4406,".",",") -> 1 | P4406: 0,000000 | Q4406: 0,000700
A4407: 60287 | B4407: ARDUINO_001 | C4407: 46211.728 | D4407: 228600000 | E4407: 0.000000 | F4407: 0.000600 | G4407: 94158997 | H4407: {"modo":"lote","codigo_medidor":"ARDUINO_001","fecha_hora":"2026-07-08 17:28:00","voltaje":228.599999999999994315658113919198513031005859375,"corriente":0,"potencia_kw":0.000599999999999999947437878677902745039318688213825225830078125,"energia_kwh":94.15899699999999938881956040859222412109375,"frecuencia":49.89999999999999857891452847979962825775146484375,"factor_potencia":1,"duracion_medicion_ms":62,"ip":"158.170.24.54"} | I4407: 46211.686 | J4407: 49900000 | K4407: 1 | L4407: 228.6 | M4407: 94.158997 | N4407: 49.9 | O4407: =SUBSTITUTE(K4407,".",",") -> 1 | P4407: 0,000000 | Q4407: 0,000600
A4408: 60288 | B4408: ARDUINO_001 | C4408: 46211.728 | D4408: 228500000 | E4408: 0.000000 | F4408: 0.000700 | G4408: 94158997 | H4408: {"modo":"lote","codigo_medidor":"ARDUINO_001","fecha_hora":"2026-07-08 17:28:02","voltaje":228.5,"corriente":0,"potencia_kw":0.000699999999999999992887633748495090912911109626293182373046875,"energia_kwh":94.15899699999999938881956040859222412109375,"frecuencia":49.89999999999999857891452847979962825775146484375,"factor_potencia":1,"duracion_medicion_ms":64,"ip":"158.170.24.54"} | I4408: 46211.686 | J4408: 49900000 | K4408: 1 | L4408: 228.5 | M4408: 94.158997 | N4408: 49.9 | O4408: =SUBSTITUTE(K4408,".",",") -> 1 | P4408: 0,000000 | Q4408: 0,000700
A4409: 60289 | B4409: ARDUINO_001 | C4409: 46211.728 | D4409: 228500000 | E4409: 0.000000 | F4409: 0.000900 | G4409: 94158997 | H4409: {"modo":"lote","codigo_medidor":"ARDUINO_001","fecha_hora":"2026-07-08 17:28:02","voltaje":228.5,"corriente":0,"potencia_kw":0.00089999999999999997536692664112933925935067236423492431640625,"energia_kwh":94.15899699999999938881956040859222412109375,"frecuencia":49.89999999999999857891452847979962825775146484375,"factor_potencia":1,"duracion_medicion_ms":61,"ip":"158.170.24.54"} | I4409: 46211.686 | J4409: 49900000 | K4409: 1 | L4409: 228.5 | M4409: 94.158997 | N4409: 49.9 | O4409: =SUBSTITUTE(K4409,".",",") -> 1 | P4409: 0,000000 | Q4409: 0,000900
A4410: 60290 | B4410: ARDUINO_001 | C4410: 46211.728 | D4410: 228400000 | E4410: 0.000000 | F4410: 0.000900 | G4410: 94158997 | H4410: {"modo":"lote","codigo_medidor":"ARDUINO_001","fecha_hora":"2026-07-08 17:28:04","voltaje":228.400000000000005684341886080801486968994140625,"corriente":0,"potencia_kw":0.00089999999999999997536692664112933925935067236423492431640625,"energia_kwh":94.15899699999999938881956040859222412109375,"frecuencia":49.89999999999999857891452847979962825775146484375,"factor_potencia":1,"duracion_medicion_ms":67,"ip":"158.170.24.54"} | I4410: 46211.686 | J4410: 49900000 | K4410: 1 | L4410: 228.4 | M4410: 94.158997 | N4410: 49.9 | O4410: =SUBSTITUTE(K4410,".",",") -> 1 | P4410: 0,000000 | Q4410: 0,000900
A4411: 60291 | B4411: ARDUINO_001 | C4411: 46211.728 | D4411: 228400000 | E4411: 0.000000 | F4411: 0.000900 | G4411: 94158997 | H4411: {"modo":"lote","codigo_medidor":"ARDUINO_001","fecha_hora":"2026-07-08 17:28:05","voltaje":228.400000000000005684341886080801486968994140625,"corriente":0,"potencia_kw":0.00089999999999999997536692664112933925935067236423492431640625,"energia_kwh":94.15899699999999938881956040859222412109375,"frecuencia":49.89999999999999857891452847979962825775146484375,"factor_potencia":1,"duracion_medicion_ms":64,"ip":"158.170.24.54"} | I4411: 46211.686 | J4411: 49900000 | K4411: 1 | L4411: 228.4 | M4411: 94.158997 | N4411: 49.9 | O4411: =SUBSTITUTE(K4411,".",",") -> 1 | P4411: 0,000000 | Q4411: 0,000900
A4412: 60292 | B4412: ARDUINO_001 | C4412: 46211.728 | D4412: 228400000 | E4412: 0.000000 | F4412: 0.000900 | G4412: 94158997 | H4412: {"modo":"lote","codigo_medidor":"ARDUINO_001","fecha_hora":"2026-07-08 17:28:05","voltaje":228.400000000000005684341886080801486968994140625,"corriente":0,"potencia_kw":0.00089999999999999997536692664112933925935067236423492431640625,"energia_kwh":94.15899699999999938881956040859222412109375,"frecuencia":49.89999999999999857891452847979962825775146484375,"factor_potencia":1,"duracion_medicion_ms":61,"ip":"158.170.24.54"} | I4412: 46211.686 | J4412: 49900000 | K4412: 1 | L4412: 228.4 | M4412: 94.158997 | N4412: 49.9 | O4412: =SUBSTITUTE(K4412,".",",") -> 1 | P4412: 0,000000 | Q4412: 0,000900
A4413: 60293 | B4413: ARDUINO_001 | C4413: 46211.728 | D4413: 228400000 | E4413: 0.000000 | F4413: 0.000500 | G4413: 94158997 | H4413: {"modo":"lote","codigo_medidor":"ARDUINO_001","fecha_hora":"2026-07-08 17:28:07","voltaje":228.400000000000005684341886080801486968994140625,"corriente":0,"potencia_kw":0.0005000000000000000104083408558608425664715468883514404296875,"energia_kwh":94.15899699999999938881956040859222412109375,"frecuencia":49.89999999999999857891452847979962825775146484375,"factor_potencia":1,"duracion_medicion_ms":63,"ip":"158.170.24.54"} | I4413: 46211.686 | J4413: 49900000 | K4413: 1 | L4413: 228.4 | M4413: 94.158997 | N4413: 49.9 | O4413: =SUBSTITUTE(K4413,".",",") -> 1 | P4413: 0,000000 | Q4413: 0,000500
A4414: 60294 | B4414: ARDUINO_001 | C4414: 46211.728 | D4414: 228400000 | E4414: 0.000000 | F4414: 0.000800 | G4414: 94158997 | H4414: {"modo":"lote","codigo_medidor":"ARDUINO_001","fecha_hora":"2026-07-08 17:28:08","voltaje":228.400000000000005684341886080801486968994140625,"corriente":0,"potencia_kw":0.000800000000000000038337388819087436786503531038761138916015625,"energia_kwh":94.15899699999999938881956040859222412109375,"frecuencia":49.89999999999999857891452847979962825775146484375,"factor_potencia":1,"duracion_medicion_ms":64,"ip":"158.170.24.54"} | I4414: 46211.686 | J4414: 49900000 | K4414: 1 | L4414: 228.4 | M4414: 94.158997 | N4414: 49.9 | O4414: =SUBSTITUTE(K4414,".",",") -> 1 | P4414: 0,000000 | Q4414: 0,000800
... A5769: 61649 | B5769: ARDUINO_001 | C5769: 46211.744 | D5769: 227800000 | E5769: 0.000000 | F5769: 0.000600 | G5769: 94158997 | H5769: {"modo":"lote","codigo_medidor":"ARDUINO_001","fecha_hora":"2026-07-08 17:50:42","voltaje":227.80000000000001136868377216160297393798828125,"corriente":0,"potencia_kw":0.000599999999999999947437878677902745039318688213825225830078125,"energia_kwh":94.15899699999999938881956040859222412109375,"frecuencia":49.7999999999999971578290569595992565155029296875,"factor_potencia":1,"duracion_medicion_ms":61,"ip":"158.170.24.54"} | I5769: 46211.702 | J5769: 49800000 | K5769: 1 | L5769: 227.8 | M5769: 94.158997 | N5769: 49.8 | O5769: =SUBSTITUTE(K5769,".",",") -> 1 | P5769: 0,000000 | Q5769: 0,000600
A5770: 61650 | B5770: ARDUINO_001 | C5770: 46211.744 | D5770: 227800000 | E5770: 0.112000 | F5770: 0.004900 | G5770: 94158997 | H5770: {"modo":"lote","codigo_medidor":"ARDUINO_001","fecha_hora":"2026-07-08 17:50:44","voltaje":227.80000000000001136868377216160297393798828125,"corriente":0.11200000000000000233146835171282873488962650299072265625,"potencia_kw":0.00489999999999999984179321899091519298963248729705810546875,"energia_kwh":94.15899699999999938881956040859222412109375,"frecuencia":49.7999999999999971578290569595992565155029296875,"factor_potencia":0.190000000000000002220446049250313080847263336181640625,"duracion_medicion_ms":63,"ip":"158.170.24.54"} | I5770: 46211.702 | J5770: 49800000 | K5770: 0.190000 | L5770: 227.8 | M5770: 94.158997 | N5770: 49.8 | O5770: =SUBSTITUTE(K5770,".",",") -> 0,190000 | P5770: 0,112000 | Q5770: 0,004900
A5771: 61651 | B5771: ARDUINO_001 | C5771: 46211.744 | D5771: 228000000 | E5771: 0.047000 | F5771: 0.003800 | G5771: 94158997 | H5771: {"modo":"lote","codigo_medidor":"ARDUINO_001","fecha_hora":"2026-07-08 17:50:45","voltaje":228,"corriente":0.04700000000000000011102230246251565404236316680908203125,"potencia_kw":0.0037999999999999999923672167057020487845875322818756103515625,"energia_kwh":94.15899699999999938881956040859222412109375,"frecuencia":49.7999999999999971578290569595992565155029296875,"factor_potencia":0.34999999999999997779553950749686919152736663818359375,"duracion_medicion_ms":64,"ip":"158.170.24.54"} | I5771: 46211.702 | J5771: 49800000 | K5771: 0.350000 | L5771: 228 | M5771: 94.158997 | N5771: 49.8 | O5771: =SUBSTITUTE(K5771,".",",") -> 0,350000 | P5771: 0,047000 | Q5771: 0,003800
A5772: 61652 | B5772: ARDUINO_001 | C5772: 46211.744 | D5772: 227900000 | E5772: 0.123000 | F5772: 0.012700 | G5772: 94158997 | H5772: {"modo":"lote","codigo_medidor":"ARDUINO_001","fecha_hora":"2026-07-08 17:50:45","voltaje":227.900000000000005684341886080801486968994140625,"corriente":0.1229999999999999982236431605997495353221893310546875,"potencia_kw":0.0126999999999999994837462935493022087030112743377685546875,"energia_kwh":94.15899699999999938881956040859222412109375,"frecuencia":49.7999999999999971578290569595992565155029296875,"factor_potencia":0.450000000000000011102230246251565404236316680908203125,"duracion_medicion_ms":61,"ip":"158.170.24.54"} | I5772: 46211.702 | J5772: 49800000 | K5772: 0.450000 | L5772: 227.9 | M5772: 94.158997 | N5772: 49.8 | O5772: =SUBSTITUTE(K5772,".",",") -> 0,450000 | P5772: 0,123000 | Q5772: 0,012700
A5773: 61653 | B5773: ARDUINO_001 | C5773: 46211.744 | D5773: 227900000 | E5773: 0.123000 | F5773: 0.012700 | G5773: 94158997 | H5773: {"modo":"lote","codigo_medidor":"ARDUINO_001","fecha_hora":"2026-07-08 17:50:47","voltaje":227.900000000000005684341886080801486968994140625,"corriente":0.1229999999999999982236431605997495353221893310546875,"potencia_kw":0.0126999999999999994837462935493022087030112743377685546875,"energia_kwh":94.15899699999999938881956040859222412109375,"frecuencia":49.7999999999999971578290569595992565155029296875,"factor_potencia":0.450000000000000011102230246251565404236316680908203125,"duracion_medicion_ms":63,"ip":"158.170.24.54"} | I5773: 46211.702 | J5773: 49800000 | K5773: 0.450000 | L5773: 227.9 | M5773: 94.158997 | N5773: 49.8 | O5773: =SUBSTITUTE(K5773,".",",") -> 0,450000 | P5773: 0,123000 | Q5773: 0,012700
A5774: 61654 | B5774: ARDUINO_001 | C5774: 46211.744 | D5774: 227800000 | E5774: 0.198000 | F5774: 0.021500 | G5774: 94158997 | H5774: {"modo":"lote","codigo_medidor":"ARDUINO_001","fecha_hora":"2026-07-08 17:50:48","voltaje":227.80000000000001136868377216160297393798828125,"corriente":0.198000000000000009325873406851314939558506011962890625,"potencia_kw":0.021499999999999998279154311831007362343370914459228515625,"energia_kwh":94.15899699999999938881956040859222412109375,"frecuencia":49.89999999999999857891452847979962825775146484375,"factor_potencia":0.479999999999999982236431605997495353221893310546875,"duracion_medicion_ms":64,"ip":"158.170.24.54"} | I5774: 46211.702 | J5774: 49900000 | K5774: 0.480000 | L5774: 227.8 | M5774: 94.158997 | N5774: 49.9 | O5774: =SUBSTITUTE(K5774,".",",") -> 0,480000 | P5774: 0,198000 | Q5774: 0,021500
A5775: 61655 | B5775: ARDUINO_001 | C5775: 46211.744 | D5775: 227700000 | E5775: 0.218000 | F5775: 0.024500 | G5775: 94158997 | H5775: {"modo":"lote","codigo_medidor":"ARDUINO_001","fecha_hora":"2026-07-08 17:50:48","voltaje":227.69999999999998863131622783839702606201171875,"corriente":0.2179999999999999993338661852249060757458209991455078125,"potencia_kw":0.024500000000000000943689570931383059360086917877197265625,"energia_kwh":94.15899699999999938881956040859222412109375,"frecuencia":49.7999999999999971578290569595992565155029296875,"factor_potencia":0.4899999999999999911182158029987476766109466552734375,"duracion_medicion_ms":61,"ip":"158.170.24.54"} | I5775: 46211.702 | J5775: 49800000 | K5775: 0.490000 | L5775: 227.7 | M5775: 94.158997 | N5775: 49.8 | O5775: =SUBSTITUTE(K5775,".",",") -> 0,490000 | P5775: 0,218000 | Q5775: 0,024500
A5776: 61656 | B5776: ARDUINO_001 | C5776: 46211.744 | D5776: 227700000 | E5776: 0.215000 | F5776: 0.024700 | G5776: 94158997 | H5776: {"modo":"lote","codigo_medidor":"ARDUINO_001","fecha_hora":"2026-07-08 17:50:49","voltaje":227.69999999999998863131622783839702606201171875,"corriente":0.2149999999999999966693309261245303787291049957275390625,"potencia_kw":0.024699999999999999733546474089962430298328399658203125,"energia_kwh":94.15899699999999938881956040859222412109375,"frecuencia":49.7999999999999971578290569595992565155029296875,"factor_potencia":0.5,"duracion_medicion_ms":62,"ip":"158.170.24.54"} | I5776: 46211.702 | J5776: 49800000 | K5776: 0.500000 | L5776: 227.7 | M5776: 94.158997 | N5776: 49.8 | O5776: =SUBSTITUTE(K5776,".",",") -> 0,500000 | P5776: 0,215000 | Q5776: 0,024700
A5777: 61657 | B5777: ARDUINO_001 | C5777: 46211.744 | D5777: 227800000 | E5777: 0.200000 | F5777: 0.022600 | G5777: 94158997 | H5777: {"modo":"lote","codigo_medidor":"ARDUINO_001","fecha_hora":"2026-07-08 17:50:51","voltaje":227.80000000000001136868377216160297393798828125,"corriente":0.200000000000000011102230246251565404236316680908203125,"potencia_kw":0.0225999999999999985622611831104222801513969898223876953125,"energia_kwh":94.15899699999999938881956040859222412109375,"frecuencia":49.89999999999999857891452847979962825775146484375,"factor_potencia":0.5,"duracion_medicion_ms":64,"ip":"158.170.24.54"} | I5777: 46211.702 | J5777: 49900000 | K5777: 0.500000 | L5777: 227.8 | M5777: 94.158997 | N5777: 49.9 | O5777: =SUBSTITUTE(K5777,".",",") -> 0,500000 | P5777: 0,200000 | Q5777: 0,022600
A5778: 61658 | B5778: ARDUINO_001 | C5778: 46211.744 | D5778: 227800000 | E5778: 0.200000 | F5778: 0.022600 | G5778: 94158997 | H5778: {"modo":"lote","codigo_medidor":"ARDUINO_001","fecha_hora":"2026-07-08 17:50:51","voltaje":227.80000000000001136868377216160297393798828125,"corriente":0.200000000000000011102230246251565404236316680908203125,"potencia_kw":0.0225999999999999985622611831104222801513969898223876953125,"energia_kwh":94.15899699999999938881956040859222412109375,"frecuencia":49.89999999999999857891452847979962825775146484375,"factor_potencia":0.5,"duracion_medicion_ms":61,"ip":"158.170.24.54"} | I5778: 46211.702 | J5778: 49900000 | K5778: 0.500000 | L5778: 227.8 | M5778: 94.158997 | N5778: 49.9 | O5778: =SUBSTITUTE(K5778,".",",") -> 0,500000 | P5778: 0,200000 | Q5778: 0,022600
A5779: 61659 | B5779: ARDUINO_001 | C5779: 46211.744 | D5779: 227800000 | E5779: 0.198000 | F5779: 0.022400 | G5779: 94158997 | H5779: {"modo":"lote","codigo_medidor":"ARDUINO_001","fecha_hora":"2026-07-08 17:50:53","voltaje":227.80000000000001136868377216160297393798828125,"corriente":0.198000000000000009325873406851314939558506011962890625,"potencia_kw":0.0223999999999999997724042799518429092131555080413818359375,"energia_kwh":94.15899699999999938881956040859222412109375,"frecuencia":49.89999999999999857891452847979962825775146484375,"factor_potencia":0.5,"duracion_medicion_ms":73,"ip":"158.170.24.54"} | I5779: 46211.702 | J5779: 49900000 | K5779: 0.500000 | L5779: 227.8 | M5779: 94.158997 | N5779: 49.9 | O5779: =SUBSTITUTE(K5779,".",",") -> 0,500000 | P5779: 0,198000 | Q5779: 0,022400
A5780: 61660 | B5780: ARDUINO_001 | C5780: 46211.744 | D5780: 227800000 | E5780: 0.174000 | F5780: 0.019600 | G5780: 94158997 | H5780: {"modo":"lote","codigo_medidor":"ARDUINO_001","fecha_hora":"2026-07-08 17:50:54","voltaje":227.80000000000001136868377216160297393798828125,"corriente":0.173999999999999988009591334048309363424777984619140625,"potencia_kw":0.019599999999999999367172875963660771958529949188232421875,"energia_kwh":94.15899699999999938881956040859222412109375,"frecuencia":49.89999999999999857891452847979962825775146484375,"factor_potencia":0.4899999999999999911182158029987476766109466552734375,"duracion_medicion_ms":64,"ip":"158.170.24.54"} | I5780: 46211.702 | J5780: 49900000 | K5780: 0.490000 | L5780: 227.8 | M5780: 94.158997 | N5780: 49.9 | O5780: =SUBSTITUTE(K5780,".",",") -> 0,490000 | P5780: 0,174000 | Q5780: 0,019600
A5781: 61661 | B5781: ARDUINO_001 | C5781: 46211.744 | D5781: 227800000 | E5781: 0.198000 | F5781: 0.018000 | G5781: 94158997 | H5781: {"modo":"lote","codigo_medidor":"ARDUINO_001","fecha_hora":"2026-07-08 17:50:54","voltaje":227.80000000000001136868377216160297393798828125,"corriente":0.198000000000000009325873406851314939558506011962890625,"potencia_kw":0.0179999999999999986399767948341832379810512065887451171875,"energia_kwh":94.15899699999999938881956040859222412109375,"frecuencia":49.89999999999999857891452847979962825775146484375,"factor_potencia":0.40000000000000002220446049250313080847263336181640625,"duracion_medicion_ms":61,"ip":"158.170.24.54"} | I5781: 46211.702 | J5781: 49900000 | K5781: 0.400000 | L5781: 227.8 | M5781: 94.158997 | N5781: 49.9 | O5781: =SUBSTITUTE(K5781,".",",") -> 0,400000 | P5781: 0,198000 | Q5781: 0,018000
... A5785: 61665 | B5785: ARDUINO_001 | C5785: 46211.744 | D5785: 227800000 | E5785: 0.098000 | F5785: 0.013500 | G5785: 94158997 | H5785: {"modo":"lote","codigo_medidor":"ARDUINO_001","fecha_hora":"2026-07-08 17:50:58","voltaje":227.80000000000001136868377216160297393798828125,"corriente":0.0980000000000000037747582837255322374403476715087890625,"potencia_kw":0.01349999999999999984734433411404097569175064563751220703125,"energia_kwh":94.15899699999999938881956040859222412109375,"frecuencia":49.89999999999999857891452847979962825775146484375,"factor_potencia":0.59999999999999997779553950749686919152736663818359375,"duracion_medicion_ms":62,"ip":"158.170.24.54"} | I5785: 46211.702 | J5785: 49900000 | K5785: 0.600000 | L5785: 227.8 | M5785: 94.158997 | N5785: 49.9 | O5785: =SUBSTITUTE(K5785,".",",") -> 0,600000 | P5785: 0,098000 | Q5785: 0,013500
A5786: 61666 | B5786: ARDUINO_001 | C5786: 46211.744 | D5786: 225800000 | E5786: 3542000 | F5786: 0.724400 | G5786: 94160004 | H5786: {"modo":"lote","codigo_medidor":"ARDUINO_001","fecha_hora":"2026-07-08 17:51:00","voltaje":225.80000000000001136868377216160297393798828125,"corriente":3.5419999999999998152588887023739516735076904296875,"potencia_kw":0.72440000000000004387601393318618647754192352294921875,"energia_kwh":94.1600040000000007012204150669276714324951171875,"frecuencia":49.89999999999999857891452847979962825775146484375,"factor_potencia":0.91000000000000003108624468950438313186168670654296875,"duracion_medicion_ms":64,"ip":"158.170.24.54"} | I5786: 46211.702 | J5786: 49900000 | K5786: 0.910000 | L5786: 225.8 | M5786: 94.160004 | N5786: 49.9 | O5786: =SUBSTITUTE(K5786,".",",") -> 0,910000 | P5786: 3542000 | Q5786: 0,724400
A5787: 61667 | B5787: ARDUINO_001 | C5787: 46211.744 | D5787: 225800000 | E5787: 3542000 | F5787: 0.724400 | G5787: 94160004 | H5787: {"modo":"lote","codigo_medidor":"ARDUINO_001","fecha_hora":"2026-07-08 17:51:00","voltaje":225.80000000000001136868377216160297393798828125,"corriente":3.5419999999999998152588887023739516735076904296875,"potencia_kw":0.72440000000000004387601393318618647754192352294921875,"energia_kwh":94.1600040000000007012204150669276714324951171875,"frecuencia":49.89999999999999857891452847979962825775146484375,"factor_potencia":0.91000000000000003108624468950438313186168670654296875,"duracion_medicion_ms":61,"ip":"158.170.24.54"} | I5787: 46211.702 | J5787: 49900000 | K5787: 0.910000 | L5787: 225.8 | M5787: 94.160004 | N5787: 49.9 | O5787: =SUBSTITUTE(K5787,".",",") -> 0,910000 | P5787: 3542000 | Q5787: 0,724400
A5788: 61668 | B5788: ARDUINO_001 | C5788: 46211.744 | D5788: 221700000 | E5788: 10572000 | F5788: 2334800 | G5788: 94161003 | H5788: {"modo":"lote","codigo_medidor":"ARDUINO_001","fecha_hora":"2026-07-08 17:51:01","voltaje":221.69999999999998863131622783839702606201171875,"corriente":10.571999999999999175770426518283784389495849609375,"potencia_kw":2.334799999999999986499688020558096468448638916015625,"energia_kwh":94.16100299999999378997017629444599151611328125,"frecuencia":49.89999999999999857891452847979962825775146484375,"factor_potencia":1,"duracion_medicion_ms":62,"ip":"158.170.24.54"} | I5788: 46211.702 | J5788: 49900000 | K5788: 1 | L5788: 221.7 | M5788: 94.161003 | N5788: 49.9 | O5788: =SUBSTITUTE(K5788,".",",") -> 1 | P5788: 10572000 | Q5788: 2334800
A5789: 61669 | B5789: ARDUINO_001 | C5789: 46211.744 | D5789: 222100000 | E5789: 9957000 | F5789: 2207900 | G5789: 94161003 | H5789: {"modo":"lote","codigo_medidor":"ARDUINO_001","fecha_hora":"2026-07-08 17:51:03","voltaje":222.099999999999994315658113919198513031005859375,"corriente":9.95700000000000073896444519050419330596923828125,"potencia_kw":2.207899999999999973709918776876293122768402099609375,"energia_kwh":94.16100299999999378997017629444599151611328125,"frecuencia":49.89999999999999857891452847979962825775146484375,"factor_potencia":1,"duracion_medicion_ms":64,"ip":"158.170.24.54"} | I5789: 46211.702 | J5789: 49900000 | K5789: 1 | L5789: 222.1 | M5789: 94.161003 | N5789: 49.9 | O5789: =SUBSTITUTE(K5789,".",",") -> 1 | P5789: 9957000 | Q5789: 2207900
A5790: 61670 | B5790: ARDUINO_001 | C5790: 46211.744 | D5790: 222600000 | E5790: 9306000 | F5790: 2063800 | G5790: 94162003 | H5790: {"modo":"lote","codigo_medidor":"ARDUINO_001","fecha_hora":"2026-07-08 17:51:03","voltaje":222.599999999999994315658113919198513031005859375,"corriente":9.3059999999999991615595718030817806720733642578125,"potencia_kw":2.063800000000000078870243669371120631694793701171875,"energia_kwh":94.162002999999998564817360602319240570068359375,"frecuencia":49.89999999999999857891452847979962825775146484375,"factor_potencia":1,"duracion_medicion_ms":61,"ip":"158.170.24.54"} | I5790: 46211.702 | J5790: 49900000 | K5790: 1 | L5790: 222.6 | M5790: 94.162003 | N5790: 49.9 | O5790: =SUBSTITUTE(K5790,".",",") -> 1 | P5790: 9306000 | Q5790: 2063800
A5791: 61671 | B5791: ARDUINO_001 | C5791: 46211.744 | D5791: 222600000 | E5791: 9306000 | F5791: 2063800 | G5791: 94162003 | H5791: {"modo":"lote","codigo_medidor":"ARDUINO_001","fecha_hora":"2026-07-08 17:51:04","voltaje":222.599999999999994315658113919198513031005859375,"corriente":9.3059999999999991615595718030817806720733642578125,"potencia_kw":2.063800000000000078870243669371120631694793701171875,"energia_kwh":94.162002999999998564817360602319240570068359375,"frecuencia":49.89999999999999857891452847979962825775146484375,"factor_potencia":1,"duracion_medicion_ms":62,"ip":"158.170.24.54"} | I5791: 46211.702 | J5791: 49900000 | K5791: 1 | L5791: 222.6 | M5791: 94.162003 | N5791: 49.9 | O5791: =SUBSTITUTE(K5791,".",",") -> 1 | P5791: 9306000 | Q5791: 2063800
A5792: 61672 | B5792: ARDUINO_001 | C5792: 46211.744 | D5792: 222800000 | E5792: 8978000 | F5792: 1991200 | G5792: 94163002 | H5792: {"modo":"lote","codigo_medidor":"ARDUINO_001","fecha_hora":"2026-07-08 17:51:06","voltaje":222.80000000000001136868377216160297393798828125,"corriente":8.9779999999999997584154698415659368038177490234375,"potencia_kw":1.99120000000000008100187187665142118930816650390625,"energia_kwh":94.163002000000005864421837031841278076171875,"frecuencia":49.89999999999999857891452847979962825775146484375,"factor_potencia":1,"duracion_medicion_ms":64,"ip":"158.170.24.54"} | I5792: 46211.702 | J5792: 49900000 | K5792: 1 | L5792: 222.8 | M5792: 94.163002 | N5792: 49.9 | O5792: =SUBSTITUTE(K5792,".",",") -> 1 | P5792: 8978000 | Q5792: 1991200
A5793: 61673 | B5793: ARDUINO_001 | C5793: 46211.744 | D5793: 223000000 | E5793: 8749000 | F5793: 1940800 | G5793: 94164001 | H5793: {"modo":"lote","codigo_medidor":"ARDUINO_001","fecha_hora":"2026-07-08 17:51:06","voltaje":223,"corriente":8.7490000000000005542233338928781449794769287109375,"potencia_kw":1.9408000000000000806466005087713710963726043701171875,"energia_kwh":94.1640009999999989531715982593595981597900390625,"frecuencia":49.89999999999999857891452847979962825775146484375,"factor_potencia":0.9899999999999999911182158029987476766109466552734375,"duracion_medicion_ms":61,"ip":"158.170.24.54"} | I5793: 46211.702 | J5793: 49900000 | K5793: 0.990000 | L5793: 223 | M5793: 94.164001 | N5793: 49.9 | O5793: =SUBSTITUTE(K5793,".",",") -> 0,990000 | P5793: 8749000 | Q5793: 1940800
A5794: 61674 | B5794: ARDUINO_001 | C5794: 46211.744 | D5794: 223100000 | E5794: 8576000 | F5794: 1903100 | G5794: 94164001 | H5794: {"modo":"lote","codigo_medidor":"ARDUINO_001","fecha_hora":"2026-07-08 17:51:08","voltaje":223.099999999999994315658113919198513031005859375,"corriente":8.57600000000000051159076974727213382720947265625,"potencia_kw":1.9031000000000000138555833473219536244869232177734375,"energia_kwh":94.1640009999999989531715982593595981597900390625,"frecuencia":49.89999999999999857891452847979962825775146484375,"factor_potencia":0.9899999999999999911182158029987476766109466552734375,"duracion_medicion_ms":63,"ip":"158.170.24.54"} | I5794: 46211.702 | J5794: 49900000 | K5794: 0.990000 | L5794: 223.1 | M5794: 94.164001 | N5794: 49.9 | O5794: =SUBSTITUTE(K5794,".",",") -> 0,990000 | P5794: 8576000 | Q5794: 1903100
A5795: 61675 | B5795: ARDUINO_001 | C5795: 46211.744 | D5795: 223100000 | E5795: 8576000 | F5795: 1873400 | G5795: 94165001 | H5795: {"modo":"lote","codigo_medidor":"ARDUINO_001","fecha_hora":"2026-07-08 17:51:09","voltaje":223.099999999999994315658113919198513031005859375,"corriente":8.57600000000000051159076974727213382720947265625,"potencia_kw":1.8733999999999999541699935434735380113124847412109375,"energia_kwh":94.1650010000000037280187825672328472137451171875,"frecuencia":49.89999999999999857891452847979962825775146484375,"factor_potencia":0.979999999999999982236431605997495353221893310546875,"duracion_medicion_ms":64,"ip":"158.170.24.54"} | I5795: 46211.702 | J5795: 49900000 | K5795: 0.980000 | L5795: 223.1 | M5795: 94.165001 | N5795: 49.9 | O5795: =SUBSTITUTE(K5795,".",",") -> 0,980000 | P5795: 8576000 | Q5795: 1873400
A5796: 61676 | B5796: ARDUINO_001 | C5796: 46211.744 | D5796: 223200000 | E5796: 8443000 | F5796: 1873400 | G5796: 94165001 | H5796: {"modo":"lote","codigo_medidor":"ARDUINO_001","fecha_hora":"2026-07-08 17:51:09","voltaje":223.19999999999998863131622783839702606201171875,"corriente":8.4429999999999996163069226895458996295928955078125,"potencia_kw":1.8733999999999999541699935434735380113124847412109375,"energia_kwh":94.1650010000000037280187825672328472137451171875,"frecuencia":49.89999999999999857891452847979962825775146484375,"factor_potencia":0.9899999999999999911182158029987476766109466552734375,"duracion_medicion_ms":61,"ip":"158.170.24.54"} | I5796: 46211.702 | J5796: 49900000 | K5796: 0.990000 | L5796: 223.2 | M5796: 94.165001 | N5796: 49.9 | O5796: =SUBSTITUTE(K5796,".",",") -> 0,990000 | P5796: 8443000 | Q5796: 1873400
A5797: 61677 | B5797: ARDUINO_001 | C5797: 46211.744 | D5797: 223300000 | E5797: 8350000 | F5797: 1852900 | G5797: 94166000 | H5797: {"modo":"lote","codigo_medidor":"ARDUINO_001","fecha_hora":"2026-07-08 17:51:10","voltaje":223.30000000000001136868377216160297393798828125,"corriente":8.3499999999999996447286321199499070644378662109375,"potencia_kw":1.8528999999999999914734871708787977695465087890625,"energia_kwh":94.16599999999999681676854379475116729736328125,"frecuencia":49.89999999999999857891452847979962825775146484375,"factor_potencia":0.9899999999999999911182158029987476766109466552734375,"duracion_medicion_ms":62,"ip":"158.170.24.54"} | I5797: 46211.702 | J5797: 49900000 | K5797: 0.990000 | L5797: 223.3 | M5797: 94.166 | N5797: 49.9 | O5797: =SUBSTITUTE(K5797,".",",") -> 0,990000 | P5797: 8350000 | Q5797: 1852900
A5798: 61678 | B5798: ARDUINO_001 | C5798: 46211.744 | D5798: 223400000 | E5798: 8281000 | F5798: 1838200 | G5798: 94166000 | H5798: {"modo":"lote","codigo_medidor":"ARDUINO_001","fecha_hora":"2026-07-08 17:51:12","voltaje":223.400000000000005684341886080801486968994140625,"corriente":8.2810000000000005826450433232821524143218994140625,"potencia_kw":1.838200000000000056132876125047914683818817138671875,"energia_kwh":94.16599999999999681676854379475116729736328125,"frecuencia":49.89999999999999857891452847979962825775146484375,"factor_potencia":0.9899999999999999911182158029987476766109466552734375,"duracion_medicion_ms":64,"ip":"158.170.24.54"} | I5798: 46211.702 | J5798: 49900000 | K5798: 0.990000 | L5798: 223.4 | M5798: 94.166 | N5798: 49.9 | O5798: =SUBSTITUTE(K5798,".",",") -> 0,990000 | P5798: 8281000 | Q5798: 1838200
A5799: 61679 | B5799: ARDUINO_001 | C5799: 46211.744 | D5799: 223500000 | E5799: 8228000 | F5799: 1827100 | G5799: 94167000 | H5799: {"modo":"lote","codigo_medidor":"ARDUINO_001","fecha_hora":"2026-07-08 17:51:12","voltaje":223.5,"corriente":8.2279999999999997584154698415659368038177490234375,"potencia_kw":1.8270999999999999463540234501124359667301177978515625,"energia_kwh":94.167000000000001591615728102624416351318359375,"frecuencia":49.89999999999999857891452847979962825775146484375,"factor_potencia":0.9899999999999999911182158029987476766109466552734375,"duracion_medicion_ms":60,"ip":"158.170.24.54"} | I5799: 46211.702 | J5799: 49900000 | K5799: 0.990000 | L5799: 223.5 | M5799: 94.167 | N5799: 49.9 | O5799: =SUBSTITUTE(K5799,".",",") -> 0,990000 | P5799: 8228000 | Q5799: 1827100
A5800: 61680 | B5800: ARDUINO_001 | C5800: 46211.744 | D5800: 223600000 | E5800: 8190000 | F5800: 1819200 | G5800: 94167000 | H5800: {"modo":"lote","codigo_medidor":"ARDUINO_001","fecha_hora":"2026-07-08 17:51:14","voltaje":223.599999999999994315658113919198513031005859375,"corriente":8.1899999999999995026200849679298698902130126953125,"potencia_kw":1.819199999999999928235183688229881227016448974609375,"energia_kwh":94.167000000000001591615728102624416351318359375,"frecuencia":49.89999999999999857891452847979962825775146484375,"factor_potencia":0.9899999999999999911182158029987476766109466552734375,"duracion_medicion_ms":63,"ip":"158.170.24.54"} | I5800: 46211.702 | J5800: 49900000 | K5800: 0.990000 | L5800: 223.6 | M5800: 94.167 | N5800: 49.9 | O5800: =SUBSTITUTE(K5800,".",",") -> 0,990000 | P5800: 8190000 | Q5800: 1819200
A5801: 61681 | B5801: ARDUINO_001 | C5801: 46211.744 | D5801: 223600000 | E5801: 8190000 | F5801: 1819200 | G5801: 94167999 | H5801: {"modo":"lote","codigo_medidor":"ARDUINO_001","fecha_hora":"2026-07-08 17:51:15","voltaje":223.599999999999994315658113919198513031005859375,"corriente":8.1899999999999995026200849679298698902130126953125,"potencia_kw":1.819199999999999928235183688229881227016448974609375,"energia_kwh":94.1679989999999946803654893301427364349365234375,"frecuencia":49.89999999999999857891452847979962825775146484375,"factor_potencia":0.9899999999999999911182158029987476766109466552734375,"duracion_medicion_ms":64,"ip":"158.170.24.54"} | I5801: 46211.702 | J5801: 49900000 | K5801: 0.990000 | L5801: 223.6 | M5801: 94.167999 | N5801: 49.9 | O5801: =SUBSTITUTE(K5801,".",",") -> 0,990000 | P5801: 8190000 | Q5801: 1819200
A5802: 61682 | B5802: ARDUINO_001 | C5802: 46211.744 | D5802: 223800000 | E5802: 8157000 | F5802: 1813100 | G5802: 94167999 | H5802: {"modo":"lote","codigo_medidor":"ARDUINO_001","fecha_hora":"2026-07-08 17:51:16","voltaje":223.80000000000001136868377216160297393798828125,"corriente":8.157000000000000028421709430404007434844970703125,"potencia_kw":1.813099999999999933919525574310682713985443115234375,"energia_kwh":94.1679989999999946803654893301427364349365234375,"frecuencia":49.89999999999999857891452847979962825775146484375,"factor_potencia":0.9899999999999999911182158029987476766109466552734375,"duracion_medicion_ms":72,"ip":"158.170.24.54"} | I5802: 46211.702 | J5802: 49900000 | K5802: 0.990000 | L5802: 223.8 | M5802: 94.167999 | N5802: 49.9 | O5802: =SUBSTITUTE(K5802,".",",") -> 0,990000 | P5802: 8157000 | Q5802: 1813100
A5803: 61683 | B5803: ARDUINO_001 | C5803: 46211.744 | D5803: 223800000 | E5803: 8130000 | F5803: 1807000 | G5803: 94168999 | H5803: {"modo":"lote","codigo_medidor":"ARDUINO_001","fecha_hora":"2026-07-08 17:51:16","voltaje":223.80000000000001136868377216160297393798828125,"corriente":8.1300000000000007815970093361102044582366943359375,"potencia_kw":1.806999999999999939603867460391484200954437255859375,"energia_kwh":94.1689989999999994552126736380159854888916015625,"frecuencia":49.89999999999999857891452847979962825775146484375,"factor_potencia":0.9899999999999999911182158029987476766109466552734375,"duracion_medicion_ms":62,"ip":"158.170.24.54"} | I5803: 46211.702 | J5803: 49900000 | K5803: 0.990000 | L5803: 223.8 | M5803: 94.168999 | N5803: 49.9 | O5803: =SUBSTITUTE(K5803,".",",") -> 0,990000 | P5803: 8130000 | Q5803: 1807000
A5804: 61684 | B5804: ARDUINO_001 | C5804: 46211.744 | D5804: 223800000 | E5804: 8110000 | F5804: 1802500 | G5804: 94168999 | H5804: {"modo":"lote","codigo_medidor":"ARDUINO_001","fecha_hora":"2026-07-08 17:51:18","voltaje":223.80000000000001136868377216160297393798828125,"corriente":8.1099999999999994315658113919198513031005859375,"potencia_kw":1.8024999999999999911182158029987476766109466552734375,"energia_kwh":94.1689989999999994552126736380159854888916015625,"frecuencia":49.89999999999999857891452847979962825775146484375,"factor_potencia":0.9899999999999999911182158029987476766109466552734375,"duracion_medicion_ms":64,"ip":"158.170.24.54"} | I5804: 46211.702 | J5804: 49900000 | K5804: 0.990000 | L5804: 223.8 | M5804: 94.168999 | N5804: 49.9 | O5804: =SUBSTITUTE(K5804,".",",") -> 0,990000 | P5804: 8110000 | Q5804: 1802500
... A6475: 62355 | B6475: ARDUINO_001 | C6475: 46211.752 | D6475: 222100000 | E6475: 8013000 | F6475: 1767900 | G6475: 94500999 | H6475: {"modo":"lote","codigo_medidor":"ARDUINO_001","fecha_hora":"2026-07-08 18:02:28","voltaje":222.099999999999994315658113919198513031005859375,"corriente":8.0129999999999999005240169935859739780426025390625,"potencia_kw":1.76790000000000002700062395888380706310272216796875,"energia_kwh":94.5009989999999930887497612275183200836181640625,"frecuencia":49.89999999999999857891452847979962825775146484375,"factor_potencia":0.9899999999999999911182158029987476766109466552734375,"duracion_medicion_ms":62,"ip":"158.170.24.54"} | I6475: 46211.71 | J6475: 49900000 | K6475: 0.990000 | L6475: 222.1 | M6475: 94.500999 | N6475: 49.9 | O6475: =SUBSTITUTE(K6475,".",",") -> 0,990000 | P6475: 8013000 | Q6475: 1767900
A6476: 62356 | B6476: ARDUINO_001 | C6476: 46211.752 | D6476: 226200000 | E6476: 1040000 | F6476: 0.268400 | G6476: 94500999 | H6476: {"modo":"lote","codigo_medidor":"ARDUINO_001","fecha_hora":"2026-07-08 18:02:30","voltaje":226.19999999999998863131622783839702606201171875,"corriente":1.04000000000000003552713678800500929355621337890625,"potencia_kw":0.268400000000000027444713168733869679272174835205078125,"energia_kwh":94.5009989999999930887497612275183200836181640625,"frecuencia":49.89999999999999857891452847979962825775146484375,"factor_potencia":1,"duracion_medicion_ms":64,"ip":"158.170.24.54"} | I6476: 46211.71 | J6476: 49900000 | K6476: 1 | L6476: 226.2 | M6476: 94.500999 | N6476: 49.9 | O6476: =SUBSTITUTE(K6476,".",",") -> 1 | P6476: 1040000 | Q6476: 0,268400
A6477: 62357 | B6477: ARDUINO_001 | C6477: 46211.752 | D6477: 226200000 | E6477: 1040000 | F6477: 0.268400 | G6477: 94500999 | H6477: {"modo":"lote","codigo_medidor":"ARDUINO_001","fecha_hora":"2026-07-08 18:02:30","voltaje":226.19999999999998863131622783839702606201171875,"corriente":1.04000000000000003552713678800500929355621337890625,"potencia_kw":0.268400000000000027444713168733869679272174835205078125,"energia_kwh":94.5009989999999930887497612275183200836181640625,"frecuencia":50,"factor_potencia":1,"duracion_medicion_ms":60,"ip":"158.170.24.54"} | I6477: 46211.71 | J6477: 50000000 | K6477: 1 | L6477: 226.2 | M6477: 94.500999 | N6477: 50 | O6477: =SUBSTITUTE(K6477,".",",") -> 1 | P6477: 1040000 | Q6477: 0,268400
A6478: 62358 | B6478: ARDUINO_001 | C6478: 46211.752 | D6478: 226800000 | E6478: 0.074000 | F6478: 0.001200 | G6478: 94500999 | H6478: {"modo":"lote","codigo_medidor":"ARDUINO_001","fecha_hora":"2026-07-08 18:02:31","voltaje":226.80000000000001136868377216160297393798828125,"corriente":0.07399999999999999633626401873698341660201549530029296875,"potencia_kw":0.00119999999999999989487575735580549007863737642765045166015625,"energia_kwh":94.5009989999999930887497612275183200836181640625,"frecuencia":50,"factor_potencia":0.070000000000000006661338147750939242541790008544921875,"duracion_medicion_ms":62,"ip":"158.170.24.54"} | I6478: 46211.71 | J6478: 50000000 | K6478: 0.070000 | L6478: 226.8 | M6478: 94.500999 | N6478: 50 | O6478: =SUBSTITUTE(K6478,".",",") -> 0,070000 | P6478: 0,074000 | Q6478: 0,001200
A6479: 62359 | B6479: ARDUINO_001 | C6479: 46211.752 | D6479: 226800000 | E6479: 0.000000 | F6479: 0.000600 | G6479: 94500999 | H6479: {"modo":"lote","codigo_medidor":"ARDUINO_001","fecha_hora":"2026-07-08 18:02:33","voltaje":226.80000000000001136868377216160297393798828125,"corriente":0,"potencia_kw":0.000599999999999999947437878677902745039318688213825225830078125,"energia_kwh":94.5009989999999930887497612275183200836181640625,"frecuencia":50,"factor_potencia":1,"duracion_medicion_ms":64,"ip":"158.170.24.54"} | I6479: 46211.71 | J6479: 50000000 | K6479: 1 | L6479: 226.8 | M6479: 94.500999 | N6479: 50 | O6479: =SUBSTITUTE(K6479,".",",") -> 1 | P6479: 0,000000 | Q6479: 0,000600
A6480: 62360 | B6480: ARDUINO_001 | C6480: 46211.752 | D6480: 226700000 | E6480: 0.000000 | F6480: 0.000600 | G6480: 94500999 | H6480: {"modo":"lote","codigo_medidor":"ARDUINO_001","fecha_hora":"2026-07-08 18:02:33","voltaje":226.69999999999998863131622783839702606201171875,"corriente":0,"potencia_kw":0.000599999999999999947437878677902745039318688213825225830078125,"energia_kwh":94.5009989999999930887497612275183200836181640625,"frecuencia":50,"factor_potencia":1,"duracion_medicion_ms":60,"ip":"158.170.24.54"} | I6480: 46211.71 | J6480: 50000000 | K6480: 1 | L6480: 226.7 | M6480: 94.500999 | N6480: 50 | O6480: =SUBSTITUTE(K6480,".",",") -> 1 | P6480: 0,000000 | Q6480: 0,000600
A6481: 62361 | B6481: ARDUINO_001 | C6481: 46211.752 | D6481: 226700000 | E6481: 0.000000 | F6481: 0.000600 | G6481: 94500999 | H6481: {"modo":"lote","codigo_medidor":"ARDUINO_001","fecha_hora":"2026-07-08 18:02:34","voltaje":226.69999999999998863131622783839702606201171875,"corriente":0,"potencia_kw":0.000599999999999999947437878677902745039318688213825225830078125,"energia_kwh":94.5009989999999930887497612275183200836181640625,"frecuencia":50,"factor_potencia":1,"duracion_medicion_ms":62,"ip":"158.170.24.54"} | I6481: 46211.71 | J6481: 50000000 | K6481: 1 | L6481: 226.7 | M6481: 94.500999 | N6481: 50 | O6481: =SUBSTITUTE(K6481,".",",") -> 1 | P6481: 0,000000 | Q6481: 0,000600
A6482: 62362 | B6482: ARDUINO_001 | C6482: 46211.752 | D6482: 226700000 | E6482: 0.000000 | F6482: 0.000500 | G6482: 94500999 | H6482: {"modo":"lote","codigo_medidor":"ARDUINO_001","fecha_hora":"2026-07-08 18:02:36","voltaje":226.69999999999998863131622783839702606201171875,"corriente":0,"potencia_kw":0.0005000000000000000104083408558608425664715468883514404296875,"energia_kwh":94.5009989999999930887497612275183200836181640625,"frecuencia":50,"factor_potencia":1,"duracion_medicion_ms":64,"ip":"158.170.24.54"} | I6482: 46211.71 | J6482: 50000000 | K6482: 1 | L6482: 226.7 | M6482: 94.500999 | N6482: 50 | O6482: =SUBSTITUTE(K6482,".",",") -> 1 | P6482: 0,000000 | Q6482: 0,000500
A6483: 62363 | B6483: ARDUINO_001 | C6483: 46211.752 | D6483: 226700000 | E6483: 0.000000 | F6483: 0.000600 | G6483: 94500999 | H6483: {"modo":"lote","codigo_medidor":"ARDUINO_001","fecha_hora":"2026-07-08 18:02:36","voltaje":226.69999999999998863131622783839702606201171875,"corriente":0,"potencia_kw":0.000599999999999999947437878677902745039318688213825225830078125,"energia_kwh":94.5009989999999930887497612275183200836181640625,"frecuencia":50,"factor_potencia":1,"duracion_medicion_ms":60,"ip":"158.170.24.54"} | I6483: 46211.71 | J6483: 50000000 | K6483: 1 | L6483: 226.7 | M6483: 94.500999 | N6483: 50 | O6483: =SUBSTITUTE(K6483,".",",") -> 1 | P6483: 0,000000 | Q6483: 0,000600
A6484: 62364 | B6484: ARDUINO_001 | C6484: 46211.752 | D6484: 226700000 | E6484: 0.000000 | F6484: 0.000700 | G6484: 94500999 | H6484: {"modo":"lote","codigo_medidor":"ARDUINO_001","fecha_hora":"2026-07-08 18:02:37","voltaje":226.69999999999998863131622783839702606201171875,"corriente":0,"potencia_kw":0.000699999999999999992887633748495090912911109626293182373046875,"energia_kwh":94.5009989999999930887497612275183200836181640625,"frecuencia":50,"factor_potencia":1,"duracion_medicion_ms":62,"ip":"158.170.24.54"} | I6484: 46211.71 | J6484: 50000000 | K6484: 1 | L6484: 226.7 | M6484: 94.500999 | N6484: 50 | O6484: =SUBSTITUTE(K6484,".",",") -> 1 | P6484: 0,000000 | Q6484: 0,000700
A6485: 62365 | B6485: ARDUINO_001 | C6485: 46211.752 | D6485: 226700000 | E6485: 0.000000 | F6485: 0.000800 | G6485: 94500999 | H6485: {"modo":"lote","codigo_medidor":"ARDUINO_001","fecha_hora":"2026-07-08 18:02:39","voltaje":226.69999999999998863131622783839702606201171875,"corriente":0,"potencia_kw":0.000800000000000000038337388819087436786503531038761138916015625,"energia_kwh":94.5009989999999930887497612275183200836181640625,"frecuencia":50,"factor_potencia":1,"duracion_medicion_ms":64,"ip":"158.170.24.54"} | I6485: 46211.71 | J6485: 50000000 | K6485: 1 | L6485: 226.7 | M6485: 94.500999 | N6485: 50 | O6485: =SUBSTITUTE(K6485,".",",") -> 1 | P6485: 0,000000 | Q6485: 0,000800
...
